副本ID,自动战力
number,number
id,autoPower
1,76125
2,77250
3,78375
4,79500
5,80625
6,81750
7,82875
8,84000
9,85125
10,86250
11,87375
12,88500
13,89625
14,90750
15,91875
16,93000
17,94125
18,95250
19,96375
20,97500
21,98625
22,99750
23,100875
24,102000
25,103125
26,104250
27,105375
28,106500
29,107625
30,108750
31,109875
32,111000
33,112125
34,113250
35,114375
36,115500
37,116625
38,117750
39,118875
40,120000
41,121125
42,122250
43,123375
44,124500
45,125625
46,126750
47,127875
48,129000
49,130125
50,131250
51,132375
52,133500
53,134625
54,135750
55,136875
56,138000
57,139125
58,140250
59,141375
60,142500
61,143625
62,144750
63,145875
64,147000
65,148125
66,149250
67,150375
68,151500
69,152625
70,153750
71,154875
72,156000
73,157125
74,158250
75,159375
76,160500
77,161625
78,162750
79,163875
80,165000
81,166125
82,167250
83,168375
84,169500
85,170625
86,171750
87,172875
88,174000
89,175125
90,176250
91,177375
92,178500
93,179625
94,180750
95,181875
96,183000
97,184125
98,185250
99,186375
100,187500
101,189000
102,190500
103,192000
104,193500
105,195000
106,196500
107,198000
108,199500
109,201000
110,202500
111,204000
112,205500
113,207000
114,208500
115,210000
116,211500
117,213000
118,214500
119,216000
120,217500
121,219000
122,220500
123,222000
124,223500
125,225000
126,226500
127,228000
128,229500
129,231000
130,232500
131,234000
132,235500
133,237000
134,238500
135,240000
136,241500
137,243000
138,244500
139,246000
140,247500
141,249000
142,250500
143,252000
144,253500
145,255000
146,256500
147,258000
148,259500
149,261000
150,262500
151,264000
152,265500
153,267000
154,268500
155,270000
156,271500
157,273000
158,274500
159,276000
160,277500
161,279000
162,280500
163,282000
164,283500
165,285000
166,286500
167,288000
168,289500
169,291000
170,292500
171,294000
172,295500
173,297000
174,298500
175,300000
176,301500
177,303000
178,304500
179,306000
180,307500
181,309000
182,310500
183,312000
184,313500
185,315000
186,316500
187,318000
188,319500
189,321000
190,322500
191,324000
192,325500
193,327000
194,328500
195,330000
196,331500
197,333000
198,334500
199,336000
200,337500
201,339375
202,341250
203,343125
204,345000
205,346875
206,348750
207,350625
208,352500
209,354375
210,356250
211,358125
212,360000
213,361875
214,363750
215,365625
216,367500
217,369375
218,371250
219,373125
220,375000
221,376875
222,378750
223,380625
224,382500
225,384375
226,386250
227,388125
228,390000
229,391875
230,393750
231,395625
232,397500
233,399375
234,401250
235,403125
236,405000
237,406875
238,408750
239,410625
240,412500
241,414375
242,416250
243,418125
244,420000
245,421875
246,423750
247,425625
248,427500
249,429375
250,431250
251,433125
252,435000
253,436875
254,438750
255,440625
256,442500
257,444375
258,446250
259,448125
260,450000
261,451875
262,453750
263,455625
264,457500
265,459375
266,461250
267,463125
268,465000
269,466875
270,468750
271,470625
272,472500
273,474375
274,476250
275,478125
276,480000
277,481875
278,483750
279,485625
280,487500
281,489375
282,491250
283,493125
284,495000
285,496875
286,498750
287,500625
288,502500
289,504375
290,506250
291,508125
292,510000
293,511875
294,513750
295,515625
296,517500
297,519375
298,521250
299,523125
300,525000
301,527250
302,529500
303,531750
304,534000
305,536250
306,538500
307,540750
308,543000
309,545250
310,547500
311,549750
312,552000
313,554250
314,556500
315,558750
316,561000
317,563250
318,565500
319,567750
320,570000
321,572250
322,574500
323,576750
324,579000
325,581250
326,583500
327,585750
328,588000
329,590250
330,592500
331,594750
332,597000
333,599250
334,601500
335,603750
336,606000
337,608250
338,610500
339,612750
340,615000
341,617250
342,619500
343,621750
344,624000
345,626250
346,628500
347,630750
348,633000
349,635250
350,637500
351,639750
352,642000
353,644250
354,646500
355,648750
356,651000
357,653250
358,655500
359,657750
360,660000
361,662250
362,664500
363,666750
364,669000
365,671250
366,673500
367,675750
368,678000
369,680250
370,682500
371,684750
372,687000
373,689250
374,691500
375,693750
376,696000
377,698250
378,700500
379,702750
380,705000
381,707250
382,709500
383,711750
384,714000
385,716250
386,718500
387,720750
388,723000
389,725250
390,727500
391,729750
392,732000
393,734250
394,736500
395,738750
396,741000
397,743250
398,745500
399,747750
400,750000
401,753000
402,756000
403,759000
404,762000
405,765000
406,768000
407,771000
408,774000
409,777000
410,780000
411,783000
412,786000
413,789000
414,792000
415,795000
416,798000
417,801000
418,804000
419,807000
420,810000
421,813000
422,816000
423,819000
424,822000
425,825000
426,828000
427,831000
428,834000
429,837000
430,840000
431,843000
432,846000
433,849000
434,852000
435,855000
436,858000
437,861000
438,864000
439,867000
440,870000
441,873000
442,876000
443,879000
444,882000
445,885000
446,888000
447,891000
448,894000
449,897000
450,900000
451,903000
452,906000
453,909000
454,912000
455,915000
456,918000
457,921000
458,924000
459,927000
460,930000
461,933000
462,936000
463,939000
464,942000
465,945000
466,948000
467,951000
468,954000
469,957000
470,960000
471,963000
472,966000
473,969000
474,972000
475,975000
476,978000
477,981000
478,984000
479,987000
480,990000
481,993000
482,996000
483,999000
484,1002000
485,1005000
486,1008000
487,1011000
488,1014000
489,1017000
490,1020000
491,1023000
492,1026000
493,1029000
494,1032000
495,1035000
496,1038000
497,1041000
498,1044000
499,1047000
500,1050000
501,1053750
502,1057500
503,1061250
504,1065000
505,1068750
506,1072500
507,1076250
508,1080000
509,1083750
510,1087500
511,1091250
512,1095000
513,1098750
514,1102500
515,1106250
516,1110000
517,1113750
518,1117500
519,1121250
520,1125000
521,1128750
522,1132500
523,1136250
524,1140000
525,1143750
526,1147500
527,1151250
528,1155000
529,1158750
530,1162500
531,1166250
532,1170000
533,1173750
534,1177500
535,1181250
536,1185000
537,1188750
538,1192500
539,1196250
540,1200000
541,1203750
542,1207500
543,1211250
544,1215000
545,1218750
546,1222500
547,1226250
548,1230000
549,1233750
550,1237500
551,1241250
552,1245000
553,1248750
554,1252500
555,1256250
556,1260000
557,1263750
558,1267500
559,1271250
560,1275000
561,1278750
562,1282500
563,1286250
564,1290000
565,1293750
566,1297500
567,1301250
568,1305000
569,1308750
570,1312500
571,1316250
572,1320000
573,1323750
574,1327500
575,1331250
576,1335000
577,1338750
578,1342500
579,1346250
580,1350000
581,1353750
582,1357500
583,1361250
584,1365000
585,1368750
586,1372500
587,1376250
588,1380000
589,1383750
590,1387500
591,1391250
592,1395000
593,1398750
594,1402500
595,1406250
596,1410000
597,1413750
598,1417500
599,1421250
600,1425000
601,1429500
602,1434000
603,1438500
604,1443000
605,1447500
606,1452000
607,1456500
608,1461000
609,1465500
610,1470000
611,1474500
612,1479000
613,1483500
614,1488000
615,1492500
616,1497000
617,1501500
618,1506000
619,1510500
620,1515000
621,1519500
622,1524000
623,1528500
624,1533000
625,1537500
626,1542000
627,1546500
628,1551000
629,1555500
630,1560000
631,1564500
632,1569000
633,1573500
634,1578000
635,1582500
636,1587000
637,1591500
638,1596000
639,1600500
640,1605000
641,1609500
642,1614000
643,1618500
644,1623000
645,1627500
646,1632000
647,1636500
648,1641000
649,1645500
650,1650000
651,1654500
652,1659000
653,1663500
654,1668000
655,1672500
656,1677000
657,1681500
658,1686000
659,1690500
660,1695000
661,1699500
662,1704000
663,1708500
664,1713000
665,1717500
666,1722000
667,1726500
668,1731000
669,1735500
670,1740000
671,1744500
672,1749000
673,1753500
674,1758000
675,1762500
676,1767000
677,1771500
678,1776000
679,1780500
680,1785000
681,1789500
682,1794000
683,1798500
684,1803000
685,1807500
686,1812000
687,1816500
688,1821000
689,1825500
690,1830000
691,1834500
692,1839000
693,1843500
694,1848000
695,1852500
696,1857000
697,1861500
698,1866000
699,1870500
700,1875000
701,1880250
702,1885500
703,1890750
704,1896000
705,1901250
706,1906500
707,1911750
708,1917000
709,1922250
710,1927500
711,1932750
712,1938000
713,1943250
714,1948500
715,1953750
716,1959000
717,1964250
718,1969500
719,1974750
720,1980000
721,1985250
722,1990500
723,1995750
724,2001000
725,2006250
726,2011500
727,2016750
728,2022000
729,2027250
730,2032500
731,2037750
732,2043000
733,2048250
734,2053500
735,2058750
736,2064000
737,2069250
738,2074500
739,2079750
740,2085000
741,2090250
742,2095500
743,2100750
744,2106000
745,2111250
746,2116500
747,2121750
748,2127000
749,2132250
750,2137500
751,2142750
752,2148000
753,2153250
754,2158500
755,2163750
756,2169000
757,2174250
758,2179500
759,2184750
760,2190000
761,2195250
762,2200500
763,2205750
764,2211000
765,2216250
766,2221500
767,2226750
768,2232000
769,2237250
770,2242500
771,2247750
772,2253000
773,2258250
774,2263500
775,2268750
776,2274000
777,2279250
778,2284500
779,2289750
780,2295000
781,2300250
782,2305500
783,2310750
784,2316000
785,2321250
786,2326500
787,2331750
788,2337000
789,2342250
790,2347500
791,2352750
792,2358000
793,2363250
794,2368500
795,2373750
796,2379000
797,2384250
798,2389500
799,2394750
800,2400000
801,2406000
802,2412000
803,2418000
804,2424000
805,2430000
806,2436000
807,2442000
808,2448000
809,2454000
810,2460000
811,2466000
812,2472000
813,2478000
814,2484000
815,2490000
816,2496000
817,2502000
818,2508000
819,2514000
820,2520000
821,2526000
822,2532000
823,2538000
824,2544000
825,2550000
826,2556000
827,2562000
828,2568000
829,2574000
830,2580000
831,2586000
832,2592000
833,2598000
834,2604000
835,2610000
836,2616000
837,2622000
838,2628000
839,2634000
840,2640000
841,2646000
842,2652000
843,2658000
844,2664000
845,2670000
846,2676000
847,2682000
848,2688000
849,2694000
850,2700000
851,2706000
852,2712000
853,2718000
854,2724000
855,2730000
856,2736000
857,2742000
858,2748000
859,2754000
860,2760000
861,2766000
862,2772000
863,2778000
864,2784000
865,2790000
866,2796000
867,2802000
868,2808000
869,2814000
870,2820000
871,2826000
872,2832000
873,2838000
874,2844000
875,2850000
876,2856000
877,2862000
878,2868000
879,2874000
880,2880000
881,2886000
882,2892000
883,2898000
884,2904000
885,2910000
886,2916000
887,2922000
888,2928000
889,2934000
890,2940000
891,2946000
892,2952000
893,2958000
894,2964000
895,2970000
896,2976000
897,2982000
898,2988000
899,2994000
900,3000000
901,3006750
902,3013500
903,3020250
904,3027000
905,3033750
906,3040500
907,3047250
908,3054000
909,3060750
910,3067500
911,3074250
912,3081000
913,3087750
914,3094500
915,3101250
916,3108000
917,3114750
918,3121500
919,3128250
920,3135000
921,3141750
922,3148500
923,3155250
924,3162000
925,3168750
926,3175500
927,3182250
928,3189000
929,3195750
930,3202500
931,3209250
932,3216000
933,3222750
934,3229500
935,3236250
936,3243000
937,3249750
938,3256500
939,3263250
940,3270000
941,3276750
942,3283500
943,3290250
944,3297000
945,3303750
946,3310500
947,3317250
948,3324000
949,3330750
950,3337500
951,3344250
952,3351000
953,3357750
954,3364500
955,3371250
956,3378000
957,3384750
958,3391500
959,3398250
960,3405000
961,3411750
962,3418500
963,3425250
964,3432000
965,3438750
966,3445500
967,3452250
968,3459000
969,3465750
970,3472500
971,3479250
972,3486000
973,3492750
974,3499500
975,3506250
976,3513000
977,3519750
978,3526500
979,3533250
980,3540000
981,3546750
982,3553500
983,3560250
984,3567000
985,3573750
986,3580500
987,3587250
988,3594000
989,3600750
990,3607500
991,3614250
992,3621000
993,3627750
994,3634500
995,3641250
996,3648000
997,3654750
998,3661500
999,3668250
1000,3675000
1001,3682875
1002,3690750
1003,3698625
1004,3706500
1005,3714375
1006,3722250
1007,3730125
1008,3738000
1009,3745875
1010,3753750
1011,3761625
1012,3769500
1013,3777375
1014,3785250
1015,3793125
1016,3801000
1017,3808875
1018,3816750
1019,3824625
1020,3832500
1021,3840375
1022,3848250
1023,3856125
1024,3864000
1025,3871875
1026,3879750
1027,3887625
1028,3895500
1029,3903375
1030,3911250
1031,3919125
1032,3927000
1033,3934875
1034,3942750
1035,3950625
1036,3958500
1037,3966375
1038,3974250
1039,3982125
1040,3990000
1041,3997875
1042,4005750
1043,4013625
1044,4021500
1045,4029375
1046,4037250
1047,4045125
1048,4053000
1049,4060875
1050,4068750
1051,4076625
1052,4084500
1053,4092375
1054,4100250
1055,4108125
1056,4116000
1057,4123875
1058,4131750
1059,4139625
1060,4147500
1061,4155375
1062,4163250
1063,4171125
1064,4179000
1065,4186875
1066,4194750
1067,4202625
1068,4210500
1069,4218375
1070,4226250
1071,4234125
1072,4242000
1073,4249875
1074,4257750
1075,4265625
1076,4273500
1077,4281375
1078,4289250
1079,4297125
1080,4305000
1081,4312875
1082,4320750
1083,4328625
1084,4336500
1085,4344375
1086,4352250
1087,4360125
1088,4368000
1089,4375875
1090,4383750
1091,4391625
1092,4399500
1093,4407375
1094,4415250
1095,4423125
1096,4431000
1097,4438875
1098,4446750
1099,4454625
1100,4462500
1101,4472250
1102,4482000
1103,4491750
1104,4501500
1105,4511250
1106,4521000
1107,4530750
1108,4540500
1109,4550250
1110,4560000
1111,4569750
1112,4579500
1113,4589250
1114,4599000
1115,4608750
1116,4618500
1117,4628250
1118,4638000
1119,4647750
1120,4657500
1121,4667250
1122,4677000
1123,4686750
1124,4696500
1125,4706250
1126,4716000
1127,4725750
1128,4735500
1129,4745250
1130,4755000
1131,4764750
1132,4774500
1133,4784250
1134,4794000
1135,4803750
1136,4813500
1137,4823250
1138,4833000
1139,4842750
1140,4852500
1141,4862250
1142,4872000
1143,4881750
1144,4891500
1145,4901250
1146,4911000
1147,4920750
1148,4930500
1149,4940250
1150,4950000
1151,4959750
1152,4969500
1153,4979250
1154,4989000
1155,4998750
1156,5008500
1157,5018250
1158,5028000
1159,5037750
1160,5047500
1161,5057250
1162,5067000
1163,5076750
1164,5086500
1165,5096250
1166,5106000
1167,5115750
1168,5125500
1169,5135250
1170,5145000
1171,5154750
1172,5164500
1173,5174250
1174,5184000
1175,5193750
1176,5203500
1177,5213250
1178,5223000
1179,5232750
1180,5242500
1181,5252250
1182,5262000
1183,5271750
1184,5281500
1185,5291250
1186,5301000
1187,5310750
1188,5320500
1189,5330250
1190,5340000
1191,5349750
1192,5359500
1193,5369250
1194,5379000
1195,5388750
1196,5398500
1197,5408250
1198,5418000
1199,5427750
1200,5437500
1201,5448375
1202,5459250
1203,5470125
1204,5481000
1205,5491875
1206,5502750
1207,5513625
1208,5524500
1209,5535375
1210,5546250
1211,5557125
1212,5568000
1213,5578875
1214,5589750
1215,5600625
1216,5611500
1217,5622375
1218,5633250
1219,5644125
1220,5655000
1221,5665875
1222,5676750
1223,5687625
1224,5698500
1225,5709375
1226,5720250
1227,5731125
1228,5742000
1229,5752875
1230,5763750
1231,5774625
1232,5785500
1233,5796375
1234,5807250
1235,5818125
1236,5829000
1237,5839875
1238,5850750
1239,5861625
1240,5872500
1241,5883375
1242,5894250
1243,5905125
1244,5916000
1245,5926875
1246,5937750
1247,5948625
1248,5959500
1249,5970375
1250,5981250
1251,5992125
1252,6003000
1253,6013875
1254,6024750
1255,6035625
1256,6046500
1257,6057375
1258,6068250
1259,6079125
1260,6090000
1261,6100875
1262,6111750
1263,6122625
1264,6133500
1265,6144375
1266,6155250
1267,6166125
1268,6177000
1269,6187875
1270,6198750
1271,6209625
1272,6220500
1273,6231375
1274,6242250
1275,6253125
1276,6264000
1277,6274875
1278,6285750
1279,6296625
1280,6307500
1281,6318375
1282,6329250
1283,6340125
1284,6351000
1285,6361875
1286,6372750
1287,6383625
1288,6394500
1289,6405375
1290,6416250
1291,6427125
1292,6438000
1293,6448875
1294,6459750
1295,6470625
1296,6481500
1297,6492375
1298,6503250
1299,6514125
1300,6525000
1301,6537000
1302,6549000
1303,6561000
1304,6573000
1305,6585000
1306,6597000
1307,6609000
1308,6621000
1309,6633000
1310,6645000
1311,6657000
1312,6669000
1313,6681000
1314,6693000
1315,6705000
1316,6717000
1317,6729000
1318,6741000
1319,6753000
1320,6765000
1321,6777000
1322,6789000
1323,6801000
1324,6813000
1325,6825000
1326,6837000
1327,6849000
1328,6861000
1329,6873000
1330,6885000
1331,6897000
1332,6909000
1333,6921000
1334,6933000
1335,6945000
1336,6957000
1337,6969000
1338,6981000
1339,6993000
1340,7005000
1341,7017000
1342,7029000
1343,7041000
1344,7053000
1345,7065000
1346,7077000
1347,7089000
1348,7101000
1349,7113000
1350,7125000
1351,7137000
1352,7149000
1353,7161000
1354,7173000
1355,7185000
1356,7197000
1357,7209000
1358,7221000
1359,7233000
1360,7245000
1361,7257000
1362,7269000
1363,7281000
1364,7293000
1365,7305000
1366,7317000
1367,7329000
1368,7341000
1369,7353000
1370,7365000
1371,7377000
1372,7389000
1373,7401000
1374,7413000
1375,7425000
1376,7437000
1377,7449000
1378,7461000
1379,7473000
1380,7485000
1381,7497000
1382,7509000
1383,7521000
1384,7533000
1385,7545000
1386,7557000
1387,7569000
1388,7581000
1389,7593000
1390,7605000
1391,7617000
1392,7629000
1393,7641000
1394,7653000
1395,7665000
1396,7677000
1397,7689000
1398,7701000
1399,7713000
1400,7725000
1401,7738125
1402,7751250
1403,7764375
1404,7777500
1405,7790625
1406,7803750
1407,7816875
1408,7830000
1409,7843125
1410,7856250
1411,7869375
1412,7882500
1413,7895625
1414,7908750
1415,7921875
1416,7935000
1417,7948125
1418,7961250
1419,7974375
1420,7987500
1421,8000625
1422,8013750
1423,8026875
1424,8040000
1425,8053125
1426,8066250
1427,8079375
1428,8092500
1429,8105625
1430,8118750
1431,8131875
1432,8145000
1433,8158125
1434,8171250
1435,8184375
1436,8197500
1437,8210625
1438,8223750
1439,8236875
1440,8250000
1441,8263125
1442,8276250
1443,8289375
1444,8302500
1445,8315625
1446,8328750
1447,8341875
1448,8355000
1449,8368125
1450,8381250
1451,8394375
1452,8407500
1453,8420625
1454,8433750
1455,8446875
1456,8460000
1457,8473125
1458,8486250
1459,8499375
1460,8512500
1461,8525625
1462,8538750
1463,8551875
1464,8565000
1465,8578125
1466,8591250
1467,8604375
1468,8617500
1469,8630625
1470,8643750
1471,8656875
1472,8670000
1473,8683125
1474,8696250
1475,8709375
1476,8722500
1477,8735625
1478,8748750
1479,8761875
1480,8775000
1481,8788125
1482,8801250
1483,8814375
1484,8827500
1485,8840625
1486,8853750
1487,8866875
1488,8880000
1489,8893125
1490,8906250
1491,8919375
1492,8932500
1493,8945625
1494,8958750
1495,8971875
1496,8985000
1497,8998125
1498,9011250
1499,9024375
1500,9037500
1501,9052125
1502,9066750
1503,9081375
1504,9096000
1505,9110625
1506,9125250
1507,9139875
1508,9154500
1509,9169125
1510,9183750
1511,9198375
1512,9213000
1513,9227625
1514,9242250
1515,9256875
1516,9271500
1517,9286125
1518,9300750
1519,9315375
1520,9330000
1521,9344625
1522,9359250
1523,9373875
1524,9388500
1525,9403125
1526,9417750
1527,9432375
1528,9447000
1529,9461625
1530,9476250
1531,9490875
1532,9505500
1533,9520125
1534,9534750
1535,9549375
1536,9564000
1537,9578625
1538,9593250
1539,9607875
1540,9622500
1541,9637125
1542,9651750
1543,9666375
1544,9681000
1545,9695625
1546,9710250
1547,9724875
1548,9739500
1549,9754125
1550,9768750
1551,9783375
1552,9798000
1553,9812625
1554,9827250
1555,9841875
1556,9856500
1557,9871125
1558,9885750
1559,9900375
1560,9915000
1561,9929625
1562,9944250
1563,9958875
1564,9973500
1565,9988125
1566,10002750
1567,10017375
1568,10032000
1569,10046625
1570,10061250
1571,10075875
1572,10090500
1573,10105125
1574,10119750
1575,10134375
1576,10149000
1577,10163625
1578,10178250
1579,10192875
1580,10207500
1581,10222125
1582,10236750
1583,10251375
1584,10266000
1585,10280625
1586,10295250
1587,10309875
1588,10324500
1589,10339125
1590,10353750
1591,10368375
1592,10383000
1593,10397625
1594,10412250
1595,10426875
1596,10441500
1597,10456125
1598,10470750
1599,10485375
1600,10500000
1601,10516125
1602,10532250
1603,10548375
1604,10564500
1605,10580625
1606,10596750
1607,10612875
1608,10629000
1609,10645125
1610,10661250
1611,10677375
1612,10693500
1613,10709625
1614,10725750
1615,10741875
1616,10758000
1617,10774125
1618,10790250
1619,10806375
1620,10822500
1621,10838625
1622,10854750
1623,10870875
1624,10887000
1625,10903125
1626,10919250
1627,10935375
1628,10951500
1629,10967625
1630,10983750
1631,10999875
1632,11016000
1633,11032125
1634,11048250
1635,11064375
1636,11080500
1637,11096625
1638,11112750
1639,11128875
1640,11145000
1641,11161125
1642,11177250
1643,11193375
1644,11209500
1645,11225625
1646,11241750
1647,11257875
1648,11274000
1649,11290125
1650,11306250
1651,11322375
1652,11338500
1653,11354625
1654,11370750
1655,11386875
1656,11403000
1657,11419125
1658,11435250
1659,11451375
1660,11467500
1661,11483625
1662,11499750
1663,11515875
1664,11532000
1665,11548125
1666,11564250
1667,11580375
1668,11596500
1669,11612625
1670,11628750
1671,11644875
1672,11661000
1673,11677125
1674,11693250
1675,11709375
1676,11725500
1677,11741625
1678,11757750
1679,11773875
1680,11790000
1681,11806125
1682,11822250
1683,11838375
1684,11854500
1685,11870625
1686,11886750
1687,11902875
1688,11919000
1689,11935125
1690,11951250
1691,11967375
1692,11983500
1693,11999625
1694,12015750
1695,12031875
1696,12048000
1697,12064125
1698,12080250
1699,12096375
1700,12112500
1701,12130125
1702,12147750
1703,12165375
1704,12183000
1705,12200625
1706,12218250
1707,12235875
1708,12253500
1709,12271125
1710,12288750
1711,12306375
1712,12324000
1713,12341625
1714,12359250
1715,12376875
1716,12394500
1717,12412125
1718,12429750
1719,12447375
1720,12465000
1721,12482625
1722,12500250
1723,12517875
1724,12535500
1725,12553125
1726,12570750
1727,12588375
1728,12606000
1729,12623625
1730,12641250
1731,12658875
1732,12676500
1733,12694125
1734,12711750
1735,12729375
1736,12747000
1737,12764625
1738,12782250
1739,12799875
1740,12817500
1741,12835125
1742,12852750
1743,12870375
1744,12888000
1745,12905625
1746,12923250
1747,12940875
1748,12958500
1749,12976125
1750,12993750
1751,13011375
1752,13029000
1753,13046625
1754,13064250
1755,13081875
1756,13099500
1757,13117125
1758,13134750
1759,13152375
1760,13170000
1761,13187625
1762,13205250
1763,13222875
1764,13240500
1765,13258125
1766,13275750
1767,13293375
1768,13311000
1769,13328625
1770,13346250
1771,13363875
1772,13381500
1773,13399125
1774,13416750
1775,13434375
1776,13452000
1777,13469625
1778,13487250
1779,13504875
1780,13522500
1781,13540125
1782,13557750
1783,13575375
1784,13593000
1785,13610625
1786,13628250
1787,13645875
1788,13663500
1789,13681125
1790,13698750
1791,13716375
1792,13734000
1793,13751625
1794,13769250
1795,13786875
1796,13804500
1797,13822125
1798,13839750
1799,13857375
1800,13875000
1801,13894125
1802,13913250
1803,13932375
1804,13951500
1805,13970625
1806,13989750
1807,14008875
1808,14028000
1809,14047125
1810,14066250
1811,14085375
1812,14104500
1813,14123625
1814,14142750
1815,14161875
1816,14181000
1817,14200125
1818,14219250
1819,14238375
1820,14257500
1821,14276625
1822,14295750
1823,14314875
1824,14334000
1825,14353125
1826,14372250
1827,14391375
1828,14410500
1829,14429625
1830,14448750
1831,14467875
1832,14487000
1833,14506125
1834,14525250
1835,14544375
1836,14563500
1837,14582625
1838,14601750
1839,14620875
1840,14640000
1841,14659125
1842,14678250
1843,14697375
1844,14716500
1845,14735625
1846,14754750
1847,14773875
1848,14793000
1849,14812125
1850,14831250
1851,14850375
1852,14869500
1853,14888625
1854,14907750
1855,14926875
1856,14946000
1857,14965125
1858,14984250
1859,15003375
1860,15022500
1861,15041625
1862,15060750
1863,15079875
1864,15099000
1865,15118125
1866,15137250
1867,15156375
1868,15175500
1869,15194625
1870,15213750
1871,15232875
1872,15252000
1873,15271125
1874,15290250
1875,15309375
1876,15328500
1877,15347625
1878,15366750
1879,15385875
1880,15405000
1881,15424125
1882,15443250
1883,15462375
1884,15481500
1885,15500625
1886,15519750
1887,15538875
1888,15558000
1889,15577125
1890,15596250
1891,15615375
1892,15634500
1893,15653625
1894,15672750
1895,15691875
1896,15711000
1897,15730125
1898,15749250
1899,15768375
1900,15787500
1901,15808125
1902,15828750
1903,15849375
1904,15870000
1905,15890625
1906,15911250
1907,15931875
1908,15952500
1909,15973125
1910,15993750
1911,16014375
1912,16035000
1913,16055625
1914,16076250
1915,16096875
1916,16117500
1917,16138125
1918,16158750
1919,16179375
1920,16200000
1921,16220625
1922,16241250
1923,16261875
1924,16282500
1925,16303125
1926,16323750
1927,16344375
1928,16365000
1929,16385625
1930,16406250
1931,16426875
1932,16447500
1933,16468125
1934,16488750
1935,16509375
1936,16530000
1937,16550625
1938,16571250
1939,16591875
1940,16612500
1941,16633125
1942,16653750
1943,16674375
1944,16695000
1945,16715625
1946,16736250
1947,16756875
1948,16777500
1949,16798125
1950,16818750
1951,16839375
1952,16860000
1953,16880625
1954,16901250
1955,16921875
1956,16942500
1957,16963125
1958,16983750
1959,17004375
1960,17025000
1961,17045625
1962,17066250
1963,17086875
1964,17107500
1965,17128125
1966,17148750
1967,17169375
1968,17190000
1969,17210625
1970,17231250
1971,17251875
1972,17272500
1973,17293125
1974,17313750
1975,17334375
1976,17355000
1977,17375625
1978,17396250
1979,17416875
1980,17437500
1981,17458125
1982,17478750
1983,17499375
1984,17520000
1985,17540625
1986,17561250
1987,17581875
1988,17602500
1989,17623125
1990,17643750
1991,17664375
1992,17685000
1993,17705625
1994,17726250
1995,17746875
1996,17767500
1997,17788125
1998,17808750
1999,17829375
2000,17850000
2001,17872500
2002,17895000
2003,17917500
2004,17940000
2005,17962500
2006,17985000
2007,18007500
2008,18030000
2009,18052500
2010,18075000
2011,18097500
2012,18120000
2013,18142500
2014,18165000
2015,18187500
2016,18210000
2017,18232500
2018,18255000
2019,18277500
2020,18300000
2021,18322500
2022,18345000
2023,18367500
2024,18390000
2025,18412500
2026,18435000
2027,18457500
2028,18480000
2029,18502500
2030,18525000
2031,18547500
2032,18570000
2033,18592500
2034,18615000
2035,18637500
2036,18660000
2037,18682500
2038,18705000
2039,18727500
2040,18750000
2041,18772500
2042,18795000
2043,18817500
2044,18840000
2045,18862500
2046,18885000
2047,18907500
2048,18930000
2049,18952500
2050,18975000
2051,18997500
2052,19020000
2053,19042500
2054,19065000
2055,19087500
2056,19110000
2057,19132500
2058,19155000
2059,19177500
2060,19200000
2061,19222500
2062,19245000
2063,19267500
2064,19290000
2065,19312500
2066,19335000
2067,19357500
2068,19380000
2069,19402500
2070,19425000
2071,19447500
2072,19470000
2073,19492500
2074,19515000
2075,19537500
2076,19560000
2077,19582500
2078,19605000
2079,19627500
2080,19650000
2081,19672500
2082,19695000
2083,19717500
2084,19740000
2085,19762500
2086,19785000
2087,19807500
2088,19830000
2089,19852500
2090,19875000
2091,19897500
2092,19920000
2093,19942500
2094,19965000
2095,19987500
2096,20010000
2097,20032500
2098,20055000
2099,20077500
2100,20100000
2101,20122500
2102,20145000
2103,20167500
2104,20190000
2105,20212500
2106,20235000
2107,20257500
2108,20280000
2109,20302500
2110,20325000
2111,20347500
2112,20370000
2113,20392500
2114,20415000
2115,20437500
2116,20460000
2117,20482500
2118,20505000
2119,20527500
2120,20550000
2121,20572500
2122,20595000
2123,20617500
2124,20640000
2125,20662500
2126,20685000
2127,20707500
2128,20730000
2129,20752500
2130,20775000
2131,20797500
2132,20820000
2133,20842500
2134,20865000
2135,20887500
2136,20910000
2137,20932500
2138,20955000
2139,20977500
2140,21000000
2141,21022500
2142,21045000
2143,21067500
2144,21090000
2145,21112500
2146,21135000
2147,21157500
2148,21180000
2149,21202500
2150,21225000
2151,21247500
2152,21270000
2153,21292500
2154,21315000
2155,21337500
2156,21360000
2157,21382500
2158,21405000
2159,21427500
2160,21450000
2161,21472500
2162,21495000
2163,21517500
2164,21540000
2165,21562500
2166,21585000
2167,21607500
2168,21630000
2169,21652500
2170,21675000
2171,21697500
2172,21720000
2173,21742500
2174,21765000
2175,21787500
2176,21810000
2177,21832500
2178,21855000
2179,21877500
2180,21900000
2181,21922500
2182,21945000
2183,21967500
2184,21990000
2185,22012500
2186,22035000
2187,22057500
2188,22080000
2189,22102500
2190,22125000
2191,22147500
2192,22170000
2193,22192500
2194,22215000
2195,22237500
2196,22260000
2197,22282500
2198,22305000
2199,22327500
2200,22350000
2201,22372500
2202,22395000
2203,22417500
2204,22440000
2205,22462500
2206,22485000
2207,22507500
2208,22530000
2209,22552500
2210,22575000
2211,22597500
2212,22620000
2213,22642500
2214,22665000
2215,22687500
2216,22710000
2217,22732500
2218,22755000
2219,22777500
2220,22800000
2221,22822500
2222,22845000
2223,22867500
2224,22890000
2225,22912500
2226,22935000
2227,22957500
2228,22980000
2229,23002500
2230,23025000
2231,23047500
2232,23070000
2233,23092500
2234,23115000
2235,23137500
2236,23160000
2237,23182500
2238,23205000
2239,23227500
2240,23250000
2241,23272500
2242,23295000
2243,23317500
2244,23340000
2245,23362500
2246,23385000
2247,23407500
2248,23430000
2249,23452500
2250,23475000
2251,23497500
2252,23520000
2253,23542500
2254,23565000
2255,23587500
2256,23610000
2257,23632500
2258,23655000
2259,23677500
2260,23700000
2261,23722500
2262,23745000
2263,23767500
2264,23790000
2265,23812500
2266,23835000
2267,23857500
2268,23880000
2269,23902500
2270,23925000
2271,23947500
2272,23970000
2273,23992500
2274,24015000
2275,24037500
2276,24060000
2277,24082500
2278,24105000
2279,24127500
2280,24150000
2281,24172500
2282,24195000
2283,24217500
2284,24240000
2285,24262500
2286,24285000
2287,24307500
2288,24330000
2289,24352500
2290,24375000
2291,24397500
2292,24420000
2293,24442500
2294,24465000
2295,24487500
2296,24510000
2297,24532500
2298,24555000
2299,24577500
2300,24600000
2301,24622500
2302,24645000
2303,24667500
2304,24690000
2305,24712500
2306,24735000
2307,24757500
2308,24780000
2309,24802500
2310,24825000
2311,24847500
2312,24870000
2313,24892500
2314,24915000
2315,24937500
2316,24960000
2317,24982500
2318,25005000
2319,25027500
2320,25050000
2321,25072500
2322,25095000
2323,25117500
2324,25140000
2325,25162500
2326,25185000
2327,25207500
2328,25230000
2329,25252500
2330,25275000
2331,25297500
2332,25320000
2333,25342500
2334,25365000
2335,25387500
2336,25410000
2337,25432500
2338,25455000
2339,25477500
2340,25500000
2341,25522500
2342,25545000
2343,25567500
2344,25590000
2345,25612500
2346,25635000
2347,25657500
2348,25680000
2349,25702500
2350,25725000
2351,25747500
2352,25770000
2353,25792500
2354,25815000
2355,25837500
2356,25860000
2357,25882500
2358,25905000
2359,25927500
2360,25950000
2361,25972500
2362,25995000
2363,26017500
2364,26040000
2365,26062500
2366,26085000
2367,26107500
2368,26130000
2369,26152500
2370,26175000
2371,26197500
2372,26220000
2373,26242500
2374,26265000
2375,26287500
2376,26310000
2377,26332500
2378,26355000
2379,26377500
2380,26400000
2381,26422500
2382,26445000
2383,26467500
2384,26490000
2385,26512500
2386,26535000
2387,26557500
2388,26580000
2389,26602500
2390,26625000
2391,26647500
2392,26670000
2393,26692500
2394,26715000
2395,26737500
2396,26760000
2397,26782500
2398,26805000
2399,26827500
2400,26850000
2401,26872500
2402,26895000
2403,26917500
2404,26940000
2405,26962500
2406,26985000
2407,27007500
2408,27030000
2409,27052500
2410,27075000
2411,27097500
2412,27120000
2413,27142500
2414,27165000
2415,27187500
2416,27210000
2417,27232500
2418,27255000
2419,27277500
2420,27300000
2421,27322500
2422,27345000
2423,27367500
2424,27390000
2425,27412500
2426,27435000
2427,27457500
2428,27480000
2429,27502500
2430,27525000
2431,27547500
2432,27570000
2433,27592500
2434,27615000
2435,27637500
2436,27660000
2437,27682500
2438,27705000
2439,27727500
2440,27750000
2441,27772500
2442,27795000
2443,27817500
2444,27840000
2445,27862500
2446,27885000
2447,27907500
2448,27930000
2449,27952500
2450,27975000
2451,27997500
2452,28020000
2453,28042500
2454,28065000
2455,28087500
2456,28110000
2457,28132500
2458,28155000
2459,28177500
2460,28200000
2461,28222500
2462,28245000
2463,28267500
2464,28290000
2465,28312500
2466,28335000
2467,28357500
2468,28380000
2469,28402500
2470,28425000
2471,28447500
2472,28470000
2473,28492500
2474,28515000
2475,28537500
2476,28560000
2477,28582500
2478,28605000
2479,28627500
2480,28650000
2481,28672500
2482,28695000
2483,28717500
2484,28740000
2485,28762500
2486,28785000
2487,28807500
2488,28830000
2489,28852500
2490,28875000
2491,28897500
2492,28920000
2493,28942500
2494,28965000
2495,28987500
2496,29010000
2497,29032500
2498,29055000
2499,29077500
2500,29100000
2501,29122500
2502,29145000
2503,29167500
2504,29190000
2505,29212500
2506,29235000
2507,29257500
2508,29280000
2509,29302500
2510,29325000
2511,29347500
2512,29370000
2513,29392500
2514,29415000
2515,29437500
2516,29460000
2517,29482500
2518,29505000
2519,29527500
2520,29550000
2521,29572500
2522,29595000
2523,29617500
2524,29640000
2525,29662500
2526,29685000
2527,29707500
2528,29730000
2529,29752500
2530,29775000
2531,29797500
2532,29820000
2533,29842500
2534,29865000
2535,29887500
2536,29910000
2537,29932500
2538,29955000
2539,29977500
2540,30000000
2541,30022500
2542,30045000
2543,30067500
2544,30090000
2545,30112500
2546,30135000
2547,30157500
2548,30180000
2549,30202500
2550,30225000
2551,30247500
2552,30270000
2553,30292500
2554,30315000
2555,30337500
2556,30360000
2557,30382500
2558,30405000
2559,30427500
2560,30450000
2561,30472500
2562,30495000
2563,30517500
2564,30540000
2565,30562500
2566,30585000
2567,30607500
2568,30630000
2569,30652500
2570,30675000
2571,30697500
2572,30720000
2573,30742500
2574,30765000
2575,30787500
2576,30810000
2577,30832500
2578,30855000
2579,30877500
2580,30900000
2581,30922500
2582,30945000
2583,30967500
2584,30990000
2585,31012500
2586,31035000
2587,31057500
2588,31080000
2589,31102500
2590,31125000
2591,31147500
2592,31170000
2593,31192500
2594,31215000
2595,31237500
2596,31260000
2597,31282500
2598,31305000
2599,31327500
2600,31350000
2601,31372500
2602,31395000
2603,31417500
2604,31440000
2605,31462500
2606,31485000
2607,31507500
2608,31530000
2609,31552500
2610,31575000
2611,31597500
2612,31620000
2613,31642500
2614,31665000
2615,31687500
2616,31710000
2617,31732500
2618,31755000
2619,31777500
2620,31800000
2621,31822500
2622,31845000
2623,31867500
2624,31890000
2625,31912500
2626,31935000
2627,31957500
2628,31980000
2629,32002500
2630,32025000
2631,32047500
2632,32070000
2633,32092500
2634,32115000
2635,32137500
2636,32160000
2637,32182500
2638,32205000
2639,32227500
2640,32250000
2641,32272500
2642,32295000
2643,32317500
2644,32340000
2645,32362500
2646,32385000
2647,32407500
2648,32430000
2649,32452500
2650,32475000
2651,32497500
2652,32520000
2653,32542500
2654,32565000
2655,32587500
2656,32610000
2657,32632500
2658,32655000
2659,32677500
2660,32700000
2661,32722500
2662,32745000
2663,32767500
2664,32790000
2665,32812500
2666,32835000
2667,32857500
2668,32880000
2669,32902500
2670,32925000
2671,32947500
2672,32970000
2673,32992500
2674,33015000
2675,33037500
2676,33060000
2677,33082500
2678,33105000
2679,33127500
2680,33150000
2681,33172500
2682,33195000
2683,33217500
2684,33240000
2685,33262500
2686,33285000
2687,33307500
2688,33330000
2689,33352500
2690,33375000
2691,33397500
2692,33420000
2693,33442500
2694,33465000
2695,33487500
2696,33510000
2697,33532500
2698,33555000
2699,33577500
2700,33600000
2701,33622500
2702,33645000
2703,33667500
2704,33690000
2705,33712500
2706,33735000
2707,33757500
2708,33780000
2709,33802500
2710,33825000
2711,33847500
2712,33870000
2713,33892500
2714,33915000
2715,33937500
2716,33960000
2717,33982500
2718,34005000
2719,34027500
2720,34050000
2721,34072500
2722,34095000
2723,34117500
2724,34140000
2725,34162500
2726,34185000
2727,34207500
2728,34230000
2729,34252500
2730,34275000
2731,34297500
2732,34320000
2733,34342500
2734,34365000
2735,34387500
2736,34410000
2737,34432500
2738,34455000
2739,34477500
2740,34500000
2741,34522500
2742,34545000
2743,34567500
2744,34590000
2745,34612500
2746,34635000
2747,34657500
2748,34680000
2749,34702500
2750,34725000
2751,34747500
2752,34770000
2753,34792500
2754,34815000
2755,34837500
2756,34860000
2757,34882500
2758,34905000
2759,34927500
2760,34950000
2761,34972500
2762,34995000
2763,35017500
2764,35040000
2765,35062500
2766,35085000
2767,35107500
2768,35130000
2769,35152500
2770,35175000
2771,35197500
2772,35220000
2773,35242500
2774,35265000
2775,35287500
2776,35310000
2777,35332500
2778,35355000
2779,35377500
2780,35400000
2781,35422500
2782,35445000
2783,35467500
2784,35490000
2785,35512500
2786,35535000
2787,35557500
2788,35580000
2789,35602500
2790,35625000
2791,35647500
2792,35670000
2793,35692500
2794,35715000
2795,35737500
2796,35760000
2797,35782500
2798,35805000
2799,35827500
2800,35850000
2801,35872500
2802,35895000
2803,35917500
2804,35940000
2805,35962500
2806,35985000
2807,36007500
2808,36030000
2809,36052500
2810,36075000
2811,36097500
2812,36120000
2813,36142500
2814,36165000
2815,36187500
2816,36210000
2817,36232500
2818,36255000
2819,36277500
2820,36300000
2821,36322500
2822,36345000
2823,36367500
2824,36390000
2825,36412500
2826,36435000
2827,36457500
2828,36480000
2829,36502500
2830,36525000
2831,36547500
2832,36570000
2833,36592500
2834,36615000
2835,36637500
2836,36660000
2837,36682500
2838,36705000
2839,36727500
2840,36750000
2841,36772500
2842,36795000
2843,36817500
2844,36840000
2845,36862500
2846,36885000
2847,36907500
2848,36930000
2849,36952500
2850,36975000
2851,36997500
2852,37020000
2853,37042500
2854,37065000
2855,37087500
2856,37110000
2857,37132500
2858,37155000
2859,37177500
2860,37200000
2861,37222500
2862,37245000
2863,37267500
2864,37290000
2865,37312500
2866,37335000
2867,37357500
2868,37380000
2869,37402500
2870,37425000
2871,37447500
2872,37470000
2873,37492500
2874,37515000
2875,37537500
2876,37560000
2877,37582500
2878,37605000
2879,37627500
2880,37650000
2881,37672500
2882,37695000
2883,37717500
2884,37740000
2885,37762500
2886,37785000
2887,37807500
2888,37830000
2889,37852500
2890,37875000
2891,37897500
2892,37920000
2893,37942500
2894,37965000
2895,37987500
2896,38010000
2897,38032500
2898,38055000
2899,38077500
2900,38100000
2901,38122500
2902,38145000
2903,38167500
2904,38190000
2905,38212500
2906,38235000
2907,38257500
2908,38280000
2909,38302500
2910,38325000
2911,38347500
2912,38370000
2913,38392500
2914,38415000
2915,38437500
2916,38460000
2917,38482500
2918,38505000
2919,38527500
2920,38550000
2921,38572500
2922,38595000
2923,38617500
2924,38640000
2925,38662500
2926,38685000
2927,38707500
2928,38730000
2929,38752500
2930,38775000
2931,38797500
2932,38820000
2933,38842500
2934,38865000
2935,38887500
2936,38910000
2937,38932500
2938,38955000
2939,38977500
2940,39000000
2941,39022500
2942,39045000
2943,39067500
2944,39090000
2945,39112500
2946,39135000
2947,39157500
2948,39180000
2949,39202500
2950,39225000
2951,39247500
2952,39270000
2953,39292500
2954,39315000
2955,39337500
2956,39360000
2957,39382500
2958,39405000
2959,39427500
2960,39450000
2961,39472500
2962,39495000
2963,39517500
2964,39540000
2965,39562500
2966,39585000
2967,39607500
2968,39630000
2969,39652500
2970,39675000
2971,39697500
2972,39720000
2973,39742500
2974,39765000
2975,39787500
2976,39810000
2977,39832500
2978,39855000
2979,39877500
2980,39900000
2981,39922500
2982,39945000
2983,39967500
2984,39990000
2985,40012500
2986,40035000
2987,40057500
2988,40080000
2989,40102500
2990,40125000
2991,40147500
2992,40170000
2993,40192500
2994,40215000
2995,40237500
2996,40260000
2997,40282500
2998,40305000
2999,40327500
3000,40350000
3001,40372500
3002,40395000
3003,40417500
3004,40440000
3005,40462500
3006,40485000
3007,40507500
3008,40530000
3009,40552500
3010,40575000
3011,40597500
3012,40620000
3013,40642500
3014,40665000
3015,40687500
3016,40710000
3017,40732500
3018,40755000
3019,40777500
3020,40800000
3021,40822500
3022,40845000
3023,40867500
3024,40890000
3025,40912500
3026,40935000
3027,40957500
3028,40980000
3029,41002500
3030,41025000
3031,41047500
3032,41070000
3033,41092500
3034,41115000
3035,41137500
3036,41160000
3037,41182500
3038,41205000
3039,41227500
3040,41250000
3041,41272500
3042,41295000
3043,41317500
3044,41340000
3045,41362500
3046,41385000
3047,41407500
3048,41430000
3049,41452500
3050,41475000
3051,41497500
3052,41520000
3053,41542500
3054,41565000
3055,41587500
3056,41610000
3057,41632500
3058,41655000
3059,41677500
3060,41700000
3061,41722500
3062,41745000
3063,41767500
3064,41790000
3065,41812500
3066,41835000
3067,41857500
3068,41880000
3069,41902500
3070,41925000
3071,41947500
3072,41970000
3073,41992500
3074,42015000
3075,42037500
3076,42060000
3077,42082500
3078,42105000
3079,42127500
3080,42150000
3081,42172500
3082,42195000
3083,42217500
3084,42240000
3085,42262500
3086,42285000
3087,42307500
3088,42330000
3089,42352500
3090,42375000
3091,42397500
3092,42420000
3093,42442500
3094,42465000
3095,42487500
3096,42510000
3097,42532500
3098,42555000
3099,42577500
3100,42600000
3101,42622500
3102,42645000
3103,42667500
3104,42690000
3105,42712500
3106,42735000
3107,42757500
3108,42780000
3109,42802500
3110,42825000
3111,42847500
3112,42870000
3113,42892500
3114,42915000
3115,42937500
3116,42960000
3117,42982500
3118,43005000
3119,43027500
3120,43050000
3121,43072500
3122,43095000
3123,43117500
3124,43140000
3125,43162500
3126,43185000
3127,43207500
3128,43230000
3129,43252500
3130,43275000
3131,43297500
3132,43320000
3133,43342500
3134,43365000
3135,43387500
3136,43410000
3137,43432500
3138,43455000
3139,43477500
3140,43500000
3141,43522500
3142,43545000
3143,43567500
3144,43590000
3145,43612500
3146,43635000
3147,43657500
3148,43680000
3149,43702500
3150,43725000
3151,43747500
3152,43770000
3153,43792500
3154,43815000
3155,43837500
3156,43860000
3157,43882500
3158,43905000
3159,43927500
3160,43950000
3161,43972500
3162,43995000
3163,44017500
3164,44040000
3165,44062500
3166,44085000
3167,44107500
3168,44130000
3169,44152500
3170,44175000
3171,44197500
3172,44220000
3173,44242500
3174,44265000
3175,44287500
3176,44310000
3177,44332500
3178,44355000
3179,44377500
3180,44400000
3181,44422500
3182,44445000
3183,44467500
3184,44490000
3185,44512500
3186,44535000
3187,44557500
3188,44580000
3189,44602500
3190,44625000
3191,44647500
3192,44670000
3193,44692500
3194,44715000
3195,44737500
3196,44760000
3197,44782500
3198,44805000
3199,44827500
3200,44850000
3201,44872500
3202,44895000
3203,44917500
3204,44940000
3205,44962500
3206,44985000
3207,45007500
3208,45030000
3209,45052500
3210,45075000
3211,45097500
3212,45120000
3213,45142500
3214,45165000
3215,45187500
3216,45210000
3217,45232500
3218,45255000
3219,45277500
3220,45300000
3221,45322500
3222,45345000
3223,45367500
3224,45390000
3225,45412500
3226,45435000
3227,45457500
3228,45480000
3229,45502500
3230,45525000
3231,45547500
3232,45570000
3233,45592500
3234,45615000
3235,45637500
3236,45660000
3237,45682500
3238,45705000
3239,45727500
3240,45750000
3241,45772500
3242,45795000
3243,45817500
3244,45840000
3245,45862500
3246,45885000
3247,45907500
3248,45930000
3249,45952500
3250,45975000
3251,45997500
3252,46020000
3253,46042500
3254,46065000
3255,46087500
3256,46110000
3257,46132500
3258,46155000
3259,46177500
3260,46200000
3261,46222500
3262,46245000
3263,46267500
3264,46290000
3265,46312500
3266,46335000
3267,46357500
3268,46380000
3269,46402500
3270,46425000
3271,46447500
3272,46470000
3273,46492500
3274,46515000
3275,46537500
3276,46560000
3277,46582500
3278,46605000
3279,46627500
3280,46650000
3281,46672500
3282,46695000
3283,46717500
3284,46740000
3285,46762500
3286,46785000
3287,46807500
3288,46830000
3289,46852500
3290,46875000
3291,46897500
3292,46920000
3293,46942500
3294,46965000
3295,46987500
3296,47010000
3297,47032500
3298,47055000
3299,47077500
3300,47100000
3301,47122500
3302,47145000
3303,47167500
3304,47190000
3305,47212500
3306,47235000
3307,47257500
3308,47280000
3309,47302500
3310,47325000
3311,47347500
3312,47370000
3313,47392500
3314,47415000
3315,47437500
3316,47460000
3317,47482500
3318,47505000
3319,47527500
3320,47550000
3321,47572500
3322,47595000
3323,47617500
3324,47640000
3325,47662500
3326,47685000
3327,47707500
3328,47730000
3329,47752500
3330,47775000
3331,47797500
3332,47820000
3333,47842500
3334,47865000
3335,47887500
3336,47910000
3337,47932500
3338,47955000
3339,47977500
3340,48000000
3341,48022500
3342,48045000
3343,48067500
3344,48090000
3345,48112500
3346,48135000
3347,48157500
3348,48180000
3349,48202500
3350,48225000
3351,48247500
3352,48270000
3353,48292500
3354,48315000
3355,48337500
3356,48360000
3357,48382500
3358,48405000
3359,48427500
3360,48450000
3361,48472500
3362,48495000
3363,48517500
3364,48540000
3365,48562500
3366,48585000
3367,48607500
3368,48630000
3369,48652500
3370,48675000
3371,48697500
3372,48720000
3373,48742500
3374,48765000
3375,48787500
3376,48810000
3377,48832500
3378,48855000
3379,48877500
3380,48900000
3381,48922500
3382,48945000
3383,48967500
3384,48990000
3385,49012500
3386,49035000
3387,49057500
3388,49080000
3389,49102500
3390,49125000
3391,49147500
3392,49170000
3393,49192500
3394,49215000
3395,49237500
3396,49260000
3397,49282500
3398,49305000
3399,49327500
3400,49350000
3401,49372500
3402,49395000
3403,49417500
3404,49440000
3405,49462500
3406,49485000
3407,49507500
3408,49530000
3409,49552500
3410,49575000
3411,49597500
3412,49620000
3413,49642500
3414,49665000
3415,49687500
3416,49710000
3417,49732500
3418,49755000
3419,49777500
3420,49800000
3421,49822500
3422,49845000
3423,49867500
3424,49890000
3425,49912500
3426,49935000
3427,49957500
3428,49980000
3429,50002500
3430,50025000
3431,50047500
3432,50070000
3433,50092500
3434,50115000
3435,50137500
3436,50160000
3437,50182500
3438,50205000
3439,50227500
3440,50250000
3441,50272500
3442,50295000
3443,50317500
3444,50340000
3445,50362500
3446,50385000
3447,50407500
3448,50430000
3449,50452500
3450,50475000
3451,50497500
3452,50520000
3453,50542500
3454,50565000
3455,50587500
3456,50610000
3457,50632500
3458,50655000
3459,50677500
3460,50700000
3461,50722500
3462,50745000
3463,50767500
3464,50790000
3465,50812500
3466,50835000
3467,50857500
3468,50880000
3469,50902500
3470,50925000
3471,50947500
3472,50970000
3473,50992500
3474,51015000
3475,51037500
3476,51060000
3477,51082500
3478,51105000
3479,51127500
3480,51150000
3481,51172500
3482,51195000
3483,51217500
3484,51240000
3485,51262500
3486,51285000
3487,51307500
3488,51330000
3489,51352500
3490,51375000
3491,51397500
3492,51420000
3493,51442500
3494,51465000
3495,51487500
3496,51510000
3497,51532500
3498,51555000
3499,51577500
3500,51600000
3501,51622500
3502,51645000
3503,51667500
3504,51690000
3505,51712500
3506,51735000
3507,51757500
3508,51780000
3509,51802500
3510,51825000
3511,51847500
3512,51870000
3513,51892500
3514,51915000
3515,51937500
3516,51960000
3517,51982500
3518,52005000
3519,52027500
3520,52050000
3521,52072500
3522,52095000
3523,52117500
3524,52140000
3525,52162500
3526,52185000
3527,52207500
3528,52230000
3529,52252500
3530,52275000
3531,52297500
3532,52320000
3533,52342500
3534,52365000
3535,52387500
3536,52410000
3537,52432500
3538,52455000
3539,52477500
3540,52500000
3541,52522500
3542,52545000
3543,52567500
3544,52590000
3545,52612500
3546,52635000
3547,52657500
3548,52680000
3549,52702500
3550,52725000
3551,52747500
3552,52770000
3553,52792500
3554,52815000
3555,52837500
3556,52860000
3557,52882500
3558,52905000
3559,52927500
3560,52950000
3561,52972500
3562,52995000
3563,53017500
3564,53040000
3565,53062500
3566,53085000
3567,53107500
3568,53130000
3569,53152500
3570,53175000
3571,53197500
3572,53220000
3573,53242500
3574,53265000
3575,53287500
3576,53310000
3577,53332500
3578,53355000
3579,53377500
3580,53400000
3581,53422500
3582,53445000
3583,53467500
3584,53490000
3585,53512500
3586,53535000
3587,53557500
3588,53580000
3589,53602500
3590,53625000
3591,53647500
3592,53670000
3593,53692500
3594,53715000
3595,53737500
3596,53760000
3597,53782500
3598,53805000
3599,53827500
3600,53850000
3601,53872500
3602,53895000
3603,53917500
3604,53940000
3605,53962500
3606,53985000
3607,54007500
3608,54030000
3609,54052500
3610,54075000
3611,54097500
3612,54120000
3613,54142500
3614,54165000
3615,54187500
3616,54210000
3617,54232500
3618,54255000
3619,54277500
3620,54300000
3621,54322500
3622,54345000
3623,54367500
3624,54390000
3625,54412500
3626,54435000
3627,54457500
3628,54480000
3629,54502500
3630,54525000
3631,54547500
3632,54570000
3633,54592500
3634,54615000
3635,54637500
3636,54660000
3637,54682500
3638,54705000
3639,54727500
3640,54750000
3641,54772500
3642,54795000
3643,54817500
3644,54840000
3645,54862500
3646,54885000
3647,54907500
3648,54930000
3649,54952500
3650,54975000
3651,54997500
3652,55020000
3653,55042500
3654,55065000
3655,55087500
3656,55110000
3657,55132500
3658,55155000
3659,55177500
3660,55200000
3661,55222500
3662,55245000
3663,55267500
3664,55290000
3665,55312500
3666,55335000
3667,55357500
3668,55380000
3669,55402500
3670,55425000
3671,55447500
3672,55470000
3673,55492500
3674,55515000
3675,55537500
3676,55560000
3677,55582500
3678,55605000
3679,55627500
3680,55650000
3681,55672500
3682,55695000
3683,55717500
3684,55740000
3685,55762500
3686,55785000
3687,55807500
3688,55830000
3689,55852500
3690,55875000
3691,55897500
3692,55920000
3693,55942500
3694,55965000
3695,55987500
3696,56010000
3697,56032500
3698,56055000
3699,56077500
3700,56100000
3701,56122500
3702,56145000
3703,56167500
3704,56190000
3705,56212500
3706,56235000
3707,56257500
3708,56280000
3709,56302500
3710,56325000
3711,56347500
3712,56370000
3713,56392500
3714,56415000
3715,56437500
3716,56460000
3717,56482500
3718,56505000
3719,56527500
3720,56550000
3721,56572500
3722,56595000
3723,56617500
3724,56640000
3725,56662500
3726,56685000
3727,56707500
3728,56730000
3729,56752500
3730,56775000
3731,56797500
3732,56820000
3733,56842500
3734,56865000
3735,56887500
3736,56910000
3737,56932500
3738,56955000
3739,56977500
3740,57000000
3741,57022500
3742,57045000
3743,57067500
3744,57090000
3745,57112500
3746,57135000
3747,57157500
3748,57180000
3749,57202500
3750,57225000
3751,57247500
3752,57270000
3753,57292500
3754,57315000
3755,57337500
3756,57360000
3757,57382500
3758,57405000
3759,57427500
3760,57450000
3761,57472500
3762,57495000
3763,57517500
3764,57540000
3765,57562500
3766,57585000
3767,57607500
3768,57630000
3769,57652500
3770,57675000
3771,57697500
3772,57720000
3773,57742500
3774,57765000
3775,57787500
3776,57810000
3777,57832500
3778,57855000
3779,57877500
3780,57900000
3781,57922500
3782,57945000
3783,57967500
3784,57990000
3785,58012500
3786,58035000
3787,58057500
3788,58080000
3789,58102500
3790,58125000
3791,58147500
3792,58170000
3793,58192500
3794,58215000
3795,58237500
3796,58260000
3797,58282500
3798,58305000
3799,58327500
3800,58350000
3801,58372500
3802,58395000
3803,58417500
3804,58440000
3805,58462500
3806,58485000
3807,58507500
3808,58530000
3809,58552500
3810,58575000
3811,58597500
3812,58620000
3813,58642500
3814,58665000
3815,58687500
3816,58710000
3817,58732500
3818,58755000
3819,58777500
3820,58800000
3821,58822500
3822,58845000
3823,58867500
3824,58890000
3825,58912500
3826,58935000
3827,58957500
3828,58980000
3829,59002500
3830,59025000
3831,59047500
3832,59070000
3833,59092500
3834,59115000
3835,59137500
3836,59160000
3837,59182500
3838,59205000
3839,59227500
3840,59250000
3841,59272500
3842,59295000
3843,59317500
3844,59340000
3845,59362500
3846,59385000
3847,59407500
3848,59430000
3849,59452500
3850,59475000
3851,59497500
3852,59520000
3853,59542500
3854,59565000
3855,59587500
3856,59610000
3857,59632500
3858,59655000
3859,59677500
3860,59700000
3861,59722500
3862,59745000
3863,59767500
3864,59790000
3865,59812500
3866,59835000
3867,59857500
3868,59880000
3869,59902500
3870,59925000
3871,59947500
3872,59970000
3873,59992500
3874,60015000
3875,60037500
3876,60060000
3877,60082500
3878,60105000
3879,60127500
3880,60150000
3881,60172500
3882,60195000
3883,60217500
3884,60240000
3885,60262500
3886,60285000
3887,60307500
3888,60330000
3889,60352500
3890,60375000
3891,60397500
3892,60420000
3893,60442500
3894,60465000
3895,60487500
3896,60510000
3897,60532500
3898,60555000
3899,60577500
3900,60600000
3901,60622500
3902,60645000
3903,60667500
3904,60690000
3905,60712500
3906,60735000
3907,60757500
3908,60780000
3909,60802500
3910,60825000
3911,60847500
3912,60870000
3913,60892500
3914,60915000
3915,60937500
3916,60960000
3917,60982500
3918,61005000
3919,61027500
3920,61050000
3921,61072500
3922,61095000
3923,61117500
3924,61140000
3925,61162500
3926,61185000
3927,61207500
3928,61230000
3929,61252500
3930,61275000
3931,61297500
3932,61320000
3933,61342500
3934,61365000
3935,61387500
3936,61410000
3937,61432500
3938,61455000
3939,61477500
3940,61500000
3941,61522500
3942,61545000
3943,61567500
3944,61590000
3945,61612500
3946,61635000
3947,61657500
3948,61680000
3949,61702500
3950,61725000
3951,61747500
3952,61770000
3953,61792500
3954,61815000
3955,61837500
3956,61860000
3957,61882500
3958,61905000
3959,61927500
3960,61950000
3961,61972500
3962,61995000
3963,62017500
3964,62040000
3965,62062500
3966,62085000
3967,62107500
3968,62130000
3969,62152500
3970,62175000
3971,62197500
3972,62220000
3973,62242500
3974,62265000
3975,62287500
3976,62310000
3977,62332500
3978,62355000
3979,62377500
3980,62400000
3981,62422500
3982,62445000
3983,62467500
3984,62490000
3985,62512500
3986,62535000
3987,62557500
3988,62580000
3989,62602500
3990,62625000
3991,62647500
3992,62670000
3993,62692500
3994,62715000
3995,62737500
3996,62760000
3997,62782500
3998,62805000
3999,62827500
4000,62850000
4001,62872500
4002,62895000
4003,62917500
4004,62940000
4005,62962500
4006,62985000
4007,63007500
4008,63030000
4009,63052500
4010,63075000
4011,63097500
4012,63120000
4013,63142500
4014,63165000
4015,63187500
4016,63210000
4017,63232500
4018,63255000
4019,63277500
4020,63300000
4021,63322500
4022,63345000
4023,63367500
4024,63390000
4025,63412500
4026,63435000
4027,63457500
4028,63480000
4029,63502500
4030,63525000
4031,63547500
4032,63570000
4033,63592500
4034,63615000
4035,63637500
4036,63660000
4037,63682500
4038,63705000
4039,63727500
4040,63750000
4041,63772500
4042,63795000
4043,63817500
4044,63840000
4045,63862500
4046,63885000
4047,63907500
4048,63930000
4049,63952500
4050,63975000
4051,63997500
4052,64020000
4053,64042500
4054,64065000
4055,64087500
4056,64110000
4057,64132500
4058,64155000
4059,64177500
4060,64200000
4061,64222500
4062,64245000
4063,64267500
4064,64290000
4065,64312500
4066,64335000
4067,64357500
4068,64380000
4069,64402500
4070,64425000
4071,64447500
4072,64470000
4073,64492500
4074,64515000
4075,64537500
4076,64560000
4077,64582500
4078,64605000
4079,64627500
4080,64650000
4081,64672500
4082,64695000
4083,64717500
4084,64740000
4085,64762500
4086,64785000
4087,64807500
4088,64830000
4089,64852500
4090,64875000
4091,64897500
4092,64920000
4093,64942500
4094,64965000
4095,64987500
4096,65010000
4097,65032500
4098,65055000
4099,65077500
4100,65100000
4101,65122500
4102,65145000
4103,65167500
4104,65190000
4105,65212500
4106,65235000
4107,65257500
4108,65280000
4109,65302500
4110,65325000
4111,65347500
4112,65370000
4113,65392500
4114,65415000
4115,65437500
4116,65460000
4117,65482500
4118,65505000
4119,65527500
4120,65550000
4121,65572500
4122,65595000
4123,65617500
4124,65640000
4125,65662500
4126,65685000
4127,65707500
4128,65730000
4129,65752500
4130,65775000
4131,65797500
4132,65820000
4133,65842500
4134,65865000
4135,65887500
4136,65910000
4137,65932500
4138,65955000
4139,65977500
4140,66000000
4141,66022500
4142,66045000
4143,66067500
4144,66090000
4145,66112500
4146,66135000
4147,66157500
4148,66180000
4149,66202500
4150,66225000
4151,66247500
4152,66270000
4153,66292500
4154,66315000
4155,66337500
4156,66360000
4157,66382500
4158,66405000
4159,66427500
4160,66450000
4161,66472500
4162,66495000
4163,66517500
4164,66540000
4165,66562500
4166,66585000
4167,66607500
4168,66630000
4169,66652500
4170,66675000
4171,66697500
4172,66720000
4173,66742500
4174,66765000
4175,66787500
4176,66810000
4177,66832500
4178,66855000
4179,66877500
4180,66900000
4181,66922500
4182,66945000
4183,66967500
4184,66990000
4185,67012500
4186,67035000
4187,67057500
4188,67080000
4189,67102500
4190,67125000
4191,67147500
4192,67170000
4193,67192500
4194,67215000
4195,67237500
4196,67260000
4197,67282500
4198,67305000
4199,67327500
4200,67350000
4201,67372500
4202,67395000
4203,67417500
4204,67440000
4205,67462500
4206,67485000
4207,67507500
4208,67530000
4209,67552500
4210,67575000
4211,67597500
4212,67620000
4213,67642500
4214,67665000
4215,67687500
4216,67710000
4217,67732500
4218,67755000
4219,67777500
4220,67800000
4221,67822500
4222,67845000
4223,67867500
4224,67890000
4225,67912500
4226,67935000
4227,67957500
4228,67980000
4229,68002500
4230,68025000
4231,68047500
4232,68070000
4233,68092500
4234,68115000
4235,68137500
4236,68160000
4237,68182500
4238,68205000
4239,68227500
4240,68250000
4241,68272500
4242,68295000
4243,68317500
4244,68340000
4245,68362500
4246,68385000
4247,68407500
4248,68430000
4249,68452500
4250,68475000
4251,68497500
4252,68520000
4253,68542500
4254,68565000
4255,68587500
4256,68610000
4257,68632500
4258,68655000
4259,68677500
4260,68700000
4261,68722500
4262,68745000
4263,68767500
4264,68790000
4265,68812500
4266,68835000
4267,68857500
4268,68880000
4269,68902500
4270,68925000
4271,68947500
4272,68970000
4273,68992500
4274,69015000
4275,69037500
4276,69060000
4277,69082500
4278,69105000
4279,69127500
4280,69150000
4281,69172500
4282,69195000
4283,69217500
4284,69240000
4285,69262500
4286,69285000
4287,69307500
4288,69330000
4289,69352500
4290,69375000
4291,69397500
4292,69420000
4293,69442500
4294,69465000
4295,69487500
4296,69510000
4297,69532500
4298,69555000
4299,69577500
4300,69600000
4301,69622500
4302,69645000
4303,69667500
4304,69690000
4305,69712500
4306,69735000
4307,69757500
4308,69780000
4309,69802500
4310,69825000
4311,69847500
4312,69870000
4313,69892500
4314,69915000
4315,69937500
4316,69960000
4317,69982500
4318,70005000
4319,70027500
4320,70050000
4321,70072500
4322,70095000
4323,70117500
4324,70140000
4325,70162500
4326,70185000
4327,70207500
4328,70230000
4329,70252500
4330,70275000
4331,70297500
4332,70320000
4333,70342500
4334,70365000
4335,70387500
4336,70410000
4337,70432500
4338,70455000
4339,70477500
4340,70500000
4341,70522500
4342,70545000
4343,70567500
4344,70590000
4345,70612500
4346,70635000
4347,70657500
4348,70680000
4349,70702500
4350,70725000
4351,70747500
4352,70770000
4353,70792500
4354,70815000
4355,70837500
4356,70860000
4357,70882500
4358,70905000
4359,70927500
4360,70950000
4361,70972500
4362,70995000
4363,71017500
4364,71040000
4365,71062500
4366,71085000
4367,71107500
4368,71130000
4369,71152500
4370,71175000
4371,71197500
4372,71220000
4373,71242500
4374,71265000
4375,71287500
4376,71310000
4377,71332500
4378,71355000
4379,71377500
4380,71400000
4381,71422500
4382,71445000
4383,71467500
4384,71490000
4385,71512500
4386,71535000
4387,71557500
4388,71580000
4389,71602500
4390,71625000
4391,71647500
4392,71670000
4393,71692500
4394,71715000
4395,71737500
4396,71760000
4397,71782500
4398,71805000
4399,71827500
4400,71850000
4401,71872500
4402,71895000
4403,71917500
4404,71940000
4405,71962500
4406,71985000
4407,72007500
4408,72030000
4409,72052500
4410,72075000
4411,72097500
4412,72120000
4413,72142500
4414,72165000
4415,72187500
4416,72210000
4417,72232500
4418,72255000
4419,72277500
4420,72300000
4421,72322500
4422,72345000
4423,72367500
4424,72390000
4425,72412500
4426,72435000
4427,72457500
4428,72480000
4429,72502500
4430,72525000
4431,72547500
4432,72570000
4433,72592500
4434,72615000
4435,72637500
4436,72660000
4437,72682500
4438,72705000
4439,72727500
4440,72750000
4441,72772500
4442,72795000
4443,72817500
4444,72840000
4445,72862500
4446,72885000
4447,72907500
4448,72930000
4449,72952500
4450,72975000
4451,72997500
4452,73020000
4453,73042500
4454,73065000
4455,73087500
4456,73110000
4457,73132500
4458,73155000
4459,73177500
4460,73200000
4461,73222500
4462,73245000
4463,73267500
4464,73290000
4465,73312500
4466,73335000
4467,73357500
4468,73380000
4469,73402500
4470,73425000
4471,73447500
4472,73470000
4473,73492500
4474,73515000
4475,73537500
4476,73560000
4477,73582500
4478,73605000
4479,73627500
4480,73650000
4481,73672500
4482,73695000
4483,73717500
4484,73740000
4485,73762500
4486,73785000
4487,73807500
4488,73830000
4489,73852500
4490,73875000
4491,73897500
4492,73920000
4493,73942500
4494,73965000
4495,73987500
4496,74010000
4497,74032500
4498,74055000
4499,74077500
4500,74100000
4501,74122500
4502,74145000
4503,74167500
4504,74190000
4505,74212500
4506,74235000
4507,74257500
4508,74280000
4509,74302500
4510,74325000
4511,74347500
4512,74370000
4513,74392500
4514,74415000
4515,74437500
4516,74460000
4517,74482500
4518,74505000
4519,74527500
4520,74550000
4521,74572500
4522,74595000
4523,74617500
4524,74640000
4525,74662500
4526,74685000
4527,74707500
4528,74730000
4529,74752500
4530,74775000
4531,74797500
4532,74820000
4533,74842500
4534,74865000
4535,74887500
4536,74910000
4537,74932500
4538,74955000
4539,74977500
4540,75000000
4541,75022500
4542,75045000
4543,75067500
4544,75090000
4545,75112500
4546,75135000
4547,75157500
4548,75180000
4549,75202500
4550,75225000
4551,75247500
4552,75270000
4553,75292500
4554,75315000
4555,75337500
4556,75360000
4557,75382500
4558,75405000
4559,75427500
4560,75450000
4561,75472500
4562,75495000
4563,75517500
4564,75540000
4565,75562500
4566,75585000
4567,75607500
4568,75630000
4569,75652500
4570,75675000
4571,75697500
4572,75720000
4573,75742500
4574,75765000
4575,75787500
4576,75810000
4577,75832500
4578,75855000
4579,75877500
4580,75900000
4581,75922500
4582,75945000
4583,75967500
4584,75990000
4585,76012500
4586,76035000
4587,76057500
4588,76080000
4589,76102500
4590,76125000
4591,76147500
4592,76170000
4593,76192500
4594,76215000
4595,76237500
4596,76260000
4597,76282500
4598,76305000
4599,76327500
4600,76350000
4601,76372500
4602,76395000
4603,76417500
4604,76440000
4605,76462500
4606,76485000
4607,76507500
4608,76530000
4609,76552500
4610,76575000
4611,76597500
4612,76620000
4613,76642500
4614,76665000
4615,76687500
4616,76710000
4617,76732500
4618,76755000
4619,76777500
4620,76800000
4621,76822500
4622,76845000
4623,76867500
4624,76890000
4625,76912500
4626,76935000
4627,76957500
4628,76980000
4629,77002500
4630,77025000
4631,77047500
4632,77070000
4633,77092500
4634,77115000
4635,77137500
4636,77160000
4637,77182500
4638,77205000
4639,77227500
4640,77250000
4641,77272500
4642,77295000
4643,77317500
4644,77340000
4645,77362500
4646,77385000
4647,77407500
4648,77430000
4649,77452500
4650,77475000
4651,77497500
4652,77520000
4653,77542500
4654,77565000
4655,77587500
4656,77610000
4657,77632500
4658,77655000
4659,77677500
4660,77700000
4661,77722500
4662,77745000
4663,77767500
4664,77790000
4665,77812500
4666,77835000
4667,77857500
4668,77880000
4669,77902500
4670,77925000
4671,77947500
4672,77970000
4673,77992500
4674,78015000
4675,78037500
4676,78060000
4677,78082500
4678,78105000
4679,78127500
4680,78150000
4681,78172500
4682,78195000
4683,78217500
4684,78240000
4685,78262500
4686,78285000
4687,78307500
4688,78330000
4689,78352500
4690,78375000
4691,78397500
4692,78420000
4693,78442500
4694,78465000
4695,78487500
4696,78510000
4697,78532500
4698,78555000
4699,78577500
4700,78600000
4701,78622500
4702,78645000
4703,78667500
4704,78690000
4705,78712500
4706,78735000
4707,78757500
4708,78780000
4709,78802500
4710,78825000
4711,78847500
4712,78870000
4713,78892500
4714,78915000
4715,78937500
4716,78960000
4717,78982500
4718,79005000
4719,79027500
4720,79050000
4721,79072500
4722,79095000
4723,79117500
4724,79140000
4725,79162500
4726,79185000
4727,79207500
4728,79230000
4729,79252500
4730,79275000
4731,79297500
4732,79320000
4733,79342500
4734,79365000
4735,79387500
4736,79410000
4737,79432500
4738,79455000
4739,79477500
4740,79500000
4741,79522500
4742,79545000
4743,79567500
4744,79590000
4745,79612500
4746,79635000
4747,79657500
4748,79680000
4749,79702500
4750,79725000
4751,79747500
4752,79770000
4753,79792500
4754,79815000
4755,79837500
4756,79860000
4757,79882500
4758,79905000
4759,79927500
4760,79950000
4761,79972500
4762,79995000
4763,80017500
4764,80040000
4765,80062500
4766,80085000
4767,80107500
4768,80130000
4769,80152500
4770,80175000
4771,80197500
4772,80220000
4773,80242500
4774,80265000
4775,80287500
4776,80310000
4777,80332500
4778,80355000
4779,80377500
4780,80400000
4781,80422500
4782,80445000
4783,80467500
4784,80490000
4785,80512500
4786,80535000
4787,80557500
4788,80580000
4789,80602500
4790,80625000
4791,80647500
4792,80670000
4793,80692500
4794,80715000
4795,80737500
4796,80760000
4797,80782500
4798,80805000
4799,80827500
4800,80850000
4801,80872500
4802,80895000
4803,80917500
4804,80940000
4805,80962500
4806,80985000
4807,81007500
4808,81030000
4809,81052500
4810,81075000
4811,81097500
4812,81120000
4813,81142500
4814,81165000
4815,81187500
4816,81210000
4817,81232500
4818,81255000
4819,81277500
4820,81300000
4821,81322500
4822,81345000
4823,81367500
4824,81390000
4825,81412500
4826,81435000
4827,81457500
4828,81480000
4829,81502500
4830,81525000
4831,81547500
4832,81570000
4833,81592500
4834,81615000
4835,81637500
4836,81660000
4837,81682500
4838,81705000
4839,81727500
4840,81750000
4841,81772500
4842,81795000
4843,81817500
4844,81840000
4845,81862500
4846,81885000
4847,81907500
4848,81930000
4849,81952500
4850,81975000
4851,81997500
4852,82020000
4853,82042500
4854,82065000
4855,82087500
4856,82110000
4857,82132500
4858,82155000
4859,82177500
4860,82200000
4861,82222500
4862,82245000
4863,82267500
4864,82290000
4865,82312500
4866,82335000
4867,82357500
4868,82380000
4869,82402500
4870,82425000
4871,82447500
4872,82470000
4873,82492500
4874,82515000
4875,82537500
4876,82560000
4877,82582500
4878,82605000
4879,82627500
4880,82650000
4881,82672500
4882,82695000
4883,82717500
4884,82740000
4885,82762500
4886,82785000
4887,82807500
4888,82830000
4889,82852500
4890,82875000
4891,82897500
4892,82920000
4893,82942500
4894,82965000
4895,82987500
4896,83010000
4897,83032500
4898,83055000
4899,83077500
4900,83100000
4901,83122500
4902,83145000
4903,83167500
4904,83190000
4905,83212500
4906,83235000
4907,83257500
4908,83280000
4909,83302500
4910,83325000
4911,83347500
4912,83370000
4913,83392500
4914,83415000
4915,83437500
4916,83460000
4917,83482500
4918,83505000
4919,83527500
4920,83550000
4921,83572500
4922,83595000
4923,83617500
4924,83640000
4925,83662500
4926,83685000
4927,83707500
4928,83730000
4929,83752500
4930,83775000
4931,83797500
4932,83820000
4933,83842500
4934,83865000
4935,83887500
4936,83910000
4937,83932500
4938,83955000
4939,83977500
4940,84000000
4941,84022500
4942,84045000
4943,84067500
4944,84090000
4945,84112500
4946,84135000
4947,84157500
4948,84180000
4949,84202500
4950,84225000
4951,84247500
4952,84270000
4953,84292500
4954,84315000
4955,84337500
4956,84360000
4957,84382500
4958,84405000
4959,84427500
4960,84450000
4961,84472500
4962,84495000
4963,84517500
4964,84540000
4965,84562500
4966,84585000
4967,84607500
4968,84630000
4969,84652500
4970,84675000
4971,84697500
4972,84720000
4973,84742500
4974,84765000
4975,84787500
4976,84810000
4977,84832500
4978,84855000
4979,84877500
4980,84900000
4981,84922500
4982,84945000
4983,84967500
4984,84990000
4985,85012500
4986,85035000
4987,85057500
4988,85080000
4989,85102500
4990,85125000
4991,85147500
4992,85170000
4993,85192500
4994,85215000
4995,85237500
4996,85260000
4997,85282500
4998,85305000
4999,85327500
5000,85350000
5001,85372500
5002,85395000
5003,85417500
5004,85440000
5005,85462500
5006,85485000
5007,85507500
5008,85530000
5009,85552500
5010,85575000
5011,85597500
5012,85620000
5013,85642500
5014,85665000
5015,85687500
5016,85710000
5017,85732500
5018,85755000
5019,85777500
5020,85800000
5021,85822500
5022,85845000
5023,85867500
5024,85890000
5025,85912500
5026,85935000
5027,85957500
5028,85980000
5029,86002500
5030,86025000
5031,86047500
5032,86070000
5033,86092500
5034,86115000
5035,86137500
5036,86160000
5037,86182500
5038,86205000
5039,86227500
5040,86250000
5041,86272500
5042,86295000
5043,86317500
5044,86340000
5045,86362500
5046,86385000
5047,86407500
5048,86430000
5049,86452500
5050,86475000
5051,86497500
5052,86520000
5053,86542500
5054,86565000
5055,86587500
5056,86610000
5057,86632500
5058,86655000
5059,86677500
5060,86700000
5061,86722500
5062,86745000
5063,86767500
5064,86790000
5065,86812500
5066,86835000
5067,86857500
5068,86880000
5069,86902500
5070,86925000
5071,86947500
5072,86970000
5073,86992500
5074,87015000
5075,87037500
5076,87060000
5077,87082500
5078,87105000
5079,87127500
5080,87150000
5081,87172500
5082,87195000
5083,87217500
5084,87240000
5085,87262500
5086,87285000
5087,87307500
5088,87330000
5089,87352500
5090,87375000
5091,87397500
5092,87420000
5093,87442500
5094,87465000
5095,87487500
5096,87510000
5097,87532500
5098,87555000
5099,87577500
5100,87600000
5101,87622500
5102,87645000
5103,87667500
5104,87690000
5105,87712500
5106,87735000
5107,87757500
5108,87780000
5109,87802500
5110,87825000
5111,87847500
5112,87870000
5113,87892500
5114,87915000
5115,87937500
5116,87960000
5117,87982500
5118,88005000
5119,88027500
5120,88050000
5121,88072500
5122,88095000
5123,88117500
5124,88140000
5125,88162500
5126,88185000
5127,88207500
5128,88230000
5129,88252500
5130,88275000
5131,88297500
5132,88320000
5133,88342500
5134,88365000
5135,88387500
5136,88410000
5137,88432500
5138,88455000
5139,88477500
5140,88500000
5141,88522500
5142,88545000
5143,88567500
5144,88590000
5145,88612500
5146,88635000
5147,88657500
5148,88680000
5149,88702500
5150,88725000
5151,88747500
5152,88770000
5153,88792500
5154,88815000
5155,88837500
5156,88860000
5157,88882500
5158,88905000
5159,88927500
5160,88950000
5161,88972500
5162,88995000
5163,89017500
5164,89040000
5165,89062500
5166,89085000
5167,89107500
5168,89130000
5169,89152500
5170,89175000
5171,89197500
5172,89220000
5173,89242500
5174,89265000
5175,89287500
5176,89310000
5177,89332500
5178,89355000
5179,89377500
5180,89400000
5181,89422500
5182,89445000
5183,89467500
5184,89490000
5185,89512500
5186,89535000
5187,89557500
5188,89580000
5189,89602500
5190,89625000
5191,89647500
5192,89670000
5193,89692500
5194,89715000
5195,89737500
5196,89760000
5197,89782500
5198,89805000
5199,89827500
5200,89850000
5201,89872500
5202,89895000
5203,89917500
5204,89940000
5205,89962500
5206,89985000
5207,90007500
5208,90030000
5209,90052500
5210,90075000
5211,90097500
5212,90120000
5213,90142500
5214,90165000
5215,90187500
5216,90210000
5217,90232500
5218,90255000
5219,90277500
5220,90300000
5221,90322500
5222,90345000
5223,90367500
5224,90390000
5225,90412500
5226,90435000
5227,90457500
5228,90480000
5229,90502500
5230,90525000
5231,90547500
5232,90570000
5233,90592500
5234,90615000
5235,90637500
5236,90660000
5237,90682500
5238,90705000
5239,90727500
5240,90750000
5241,90772500
5242,90795000
5243,90817500
5244,90840000
5245,90862500
5246,90885000
5247,90907500
5248,90930000
5249,90952500
5250,90975000
5251,90997500
5252,91020000
5253,91042500
5254,91065000
5255,91087500
5256,91110000
5257,91132500
5258,91155000
5259,91177500
5260,91200000
5261,91222500
5262,91245000
5263,91267500
5264,91290000
5265,91312500
5266,91335000
5267,91357500
5268,91380000
5269,91402500
5270,91425000
5271,91447500
5272,91470000
5273,91492500
5274,91515000
5275,91537500
5276,91560000
5277,91582500
5278,91605000
5279,91627500
5280,91650000
5281,91672500
5282,91695000
5283,91717500
5284,91740000
5285,91762500
5286,91785000
5287,91807500
5288,91830000
5289,91852500
5290,91875000
5291,91897500
5292,91920000
5293,91942500
5294,91965000
5295,91987500
5296,92010000
5297,92032500
5298,92055000
5299,92077500
5300,92100000
5301,92122500
5302,92145000
5303,92167500
5304,92190000
5305,92212500
5306,92235000
5307,92257500
5308,92280000
5309,92302500
5310,92325000
5311,92347500
5312,92370000
5313,92392500
5314,92415000
5315,92437500
5316,92460000
5317,92482500
5318,92505000
5319,92527500
5320,92550000
5321,92572500
5322,92595000
5323,92617500
5324,92640000
5325,92662500
5326,92685000
5327,92707500
5328,92730000
5329,92752500
5330,92775000
5331,92797500
5332,92820000
5333,92842500
5334,92865000
5335,92887500
5336,92910000
5337,92932500
5338,92955000
5339,92977500
5340,93000000
5341,93022500
5342,93045000
5343,93067500
5344,93090000
5345,93112500
5346,93135000
5347,93157500
5348,93180000
5349,93202500
5350,93225000
5351,93247500
5352,93270000
5353,93292500
5354,93315000
5355,93337500
5356,93360000
5357,93382500
5358,93405000
5359,93427500
5360,93450000
5361,93472500
5362,93495000
5363,93517500
5364,93540000
5365,93562500
5366,93585000
5367,93607500
5368,93630000
5369,93652500
5370,93675000
5371,93697500
5372,93720000
5373,93742500
5374,93765000
5375,93787500
5376,93810000
5377,93832500
5378,93855000
5379,93877500
5380,93900000
5381,93922500
5382,93945000
5383,93967500
5384,93990000
5385,94012500
5386,94035000
5387,94057500
5388,94080000
5389,94102500
5390,94125000
5391,94147500
5392,94170000
5393,94192500
5394,94215000
5395,94237500
5396,94260000
5397,94282500
5398,94305000
5399,94327500
5400,94350000
5401,94372500
5402,94395000
5403,94417500
5404,94440000
5405,94462500
5406,94485000
5407,94507500
5408,94530000
5409,94552500
5410,94575000
5411,94597500
5412,94620000
5413,94642500
5414,94665000
5415,94687500
5416,94710000
5417,94732500
5418,94755000
5419,94777500
5420,94800000
5421,94822500
5422,94845000
5423,94867500
5424,94890000
5425,94912500
5426,94935000
5427,94957500
5428,94980000
5429,95002500
5430,95025000
5431,95047500
5432,95070000
5433,95092500
5434,95115000
5435,95137500
5436,95160000
5437,95182500
5438,95205000
5439,95227500
5440,95250000
5441,95272500
5442,95295000
5443,95317500
5444,95340000
5445,95362500
5446,95385000
5447,95407500
5448,95430000
5449,95452500
5450,95475000
5451,95497500
5452,95520000
5453,95542500
5454,95565000
5455,95587500
5456,95610000
5457,95632500
5458,95655000
5459,95677500
5460,95700000
5461,95722500
5462,95745000
5463,95767500
5464,95790000
5465,95812500
5466,95835000
5467,95857500
5468,95880000
5469,95902500
5470,95925000
5471,95947500
5472,95970000
5473,95992500
5474,96015000
5475,96037500
5476,96060000
5477,96082500
5478,96105000
5479,96127500
5480,96150000
5481,96172500
5482,96195000
5483,96217500
5484,96240000
5485,96262500
5486,96285000
5487,96307500
5488,96330000
5489,96352500
5490,96375000
5491,96397500
5492,96420000
5493,96442500
5494,96465000
5495,96487500
5496,96510000
5497,96532500
5498,96555000
5499,96577500
5500,96600000
5501,96622500
5502,96645000
5503,96667500
5504,96690000
5505,96712500
5506,96735000
5507,96757500
5508,96780000
5509,96802500
5510,96825000
5511,96847500
5512,96870000
5513,96892500
5514,96915000
5515,96937500
5516,96960000
5517,96982500
5518,97005000
5519,97027500
5520,97050000
5521,97072500
5522,97095000
5523,97117500
5524,97140000
5525,97162500
5526,97185000
5527,97207500
5528,97230000
5529,97252500
5530,97275000
5531,97297500
5532,97320000
5533,97342500
5534,97365000
5535,97387500
5536,97410000
5537,97432500
5538,97455000
5539,97477500
5540,97500000
5541,97522500
5542,97545000
5543,97567500
5544,97590000
5545,97612500
5546,97635000
5547,97657500
5548,97680000
5549,97702500
5550,97725000
5551,97747500
5552,97770000
5553,97792500
5554,97815000
5555,97837500
5556,97860000
5557,97882500
5558,97905000
5559,97927500
5560,97950000
5561,97972500
5562,97995000
5563,98017500
5564,98040000
5565,98062500
5566,98085000
5567,98107500
5568,98130000
5569,98152500
5570,98175000
5571,98197500
5572,98220000
5573,98242500
5574,98265000
5575,98287500
5576,98310000
5577,98332500
5578,98355000
5579,98377500
5580,98400000
5581,98422500
5582,98445000
5583,98467500
5584,98490000
5585,98512500
5586,98535000
5587,98557500
5588,98580000
5589,98602500
5590,98625000
5591,98647500
5592,98670000
5593,98692500
5594,98715000
5595,98737500
5596,98760000
5597,98782500
5598,98805000
5599,98827500
5600,98850000
5601,98872500
5602,98895000
5603,98917500
5604,98940000
5605,98962500
5606,98985000
5607,99007500
5608,99030000
5609,99052500
5610,99075000
5611,99097500
5612,99120000
5613,99142500
5614,99165000
5615,99187500
5616,99210000
5617,99232500
5618,99255000
5619,99277500
5620,99300000
5621,99322500
5622,99345000
5623,99367500
5624,99390000
5625,99412500
5626,99435000
5627,99457500
5628,99480000
5629,99502500
5630,99525000
5631,99547500
5632,99570000
5633,99592500
5634,99615000
5635,99637500
5636,99660000
5637,99682500
5638,99705000
5639,99727500
5640,99750000
5641,99772500
5642,99795000
5643,99817500
5644,99840000
5645,99862500
5646,99885000
5647,99907500
5648,99930000
5649,99952500
5650,99975000
5651,99997500
5652,100020000
5653,100042500
5654,100065000
5655,100087500
5656,100110000
5657,100132500
5658,100155000
5659,100177500
5660,100200000
5661,100222500
5662,100245000
5663,100267500
5664,100290000
5665,100312500
5666,100335000
5667,100357500
5668,100380000
5669,100402500
5670,100425000
5671,100447500
5672,100470000
5673,100492500
5674,100515000
5675,100537500
5676,100560000
5677,100582500
5678,100605000
5679,100627500
5680,100650000
5681,100672500
5682,100695000
5683,100717500
5684,100740000
5685,100762500
5686,100785000
5687,100807500
5688,100830000
5689,100852500
5690,100875000
5691,100897500
5692,100920000
5693,100942500
5694,100965000
5695,100987500
5696,101010000
5697,101032500
5698,101055000
5699,101077500
5700,101100000
5701,101122500
5702,101145000
5703,101167500
5704,101190000
5705,101212500
5706,101235000
5707,101257500
5708,101280000
5709,101302500
5710,101325000
5711,101347500
5712,101370000
5713,101392500
5714,101415000
5715,101437500
5716,101460000
5717,101482500
5718,101505000
5719,101527500
5720,101550000
5721,101572500
5722,101595000
5723,101617500
5724,101640000
5725,101662500
5726,101685000
5727,101707500
5728,101730000
5729,101752500
5730,101775000
5731,101797500
5732,101820000
5733,101842500
5734,101865000
5735,101887500
5736,101910000
5737,101932500
5738,101955000
5739,101977500
5740,102000000
5741,102022500
5742,102045000
5743,102067500
5744,102090000
5745,102112500
5746,102135000
5747,102157500
5748,102180000
5749,102202500
5750,102225000
5751,102247500
5752,102270000
5753,102292500
5754,102315000
5755,102337500
5756,102360000
5757,102382500
5758,102405000
5759,102427500
5760,102450000
5761,102472500
5762,102495000
5763,102517500
5764,102540000
5765,102562500
5766,102585000
5767,102607500
5768,102630000
5769,102652500
5770,102675000
5771,102697500
5772,102720000
5773,102742500
5774,102765000
5775,102787500
5776,102810000
5777,102832500
5778,102855000
5779,102877500
5780,102900000
5781,102922500
5782,102945000
5783,102967500
5784,102990000
5785,103012500
5786,103035000
5787,103057500
5788,103080000
5789,103102500
5790,103125000
5791,103147500
5792,103170000
5793,103192500
5794,103215000
5795,103237500
5796,103260000
5797,103282500
5798,103305000
5799,103327500
5800,103350000
5801,103372500
5802,103395000
5803,103417500
5804,103440000
5805,103462500
5806,103485000
5807,103507500
5808,103530000
5809,103552500
5810,103575000
5811,103597500
5812,103620000
5813,103642500
5814,103665000
5815,103687500
5816,103710000
5817,103732500
5818,103755000
5819,103777500
5820,103800000
5821,103822500
5822,103845000
5823,103867500
5824,103890000
5825,103912500
5826,103935000
5827,103957500
5828,103980000
5829,104002500
5830,104025000
5831,104047500
5832,104070000
5833,104092500
5834,104115000
5835,104137500
5836,104160000
5837,104182500
5838,104205000
5839,104227500
5840,104250000
5841,104272500
5842,104295000
5843,104317500
5844,104340000
5845,104362500
5846,104385000
5847,104407500
5848,104430000
5849,104452500
5850,104475000
5851,104497500
5852,104520000
5853,104542500
5854,104565000
5855,104587500
5856,104610000
5857,104632500
5858,104655000
5859,104677500
5860,104700000
5861,104722500
5862,104745000
5863,104767500
5864,104790000
5865,104812500
5866,104835000
5867,104857500
5868,104880000
5869,104902500
5870,104925000
5871,104947500
5872,104970000
5873,104992500
5874,105015000
5875,105037500
5876,105060000
5877,105082500
5878,105105000
5879,105127500
5880,105150000
5881,105172500
5882,105195000
5883,105217500
5884,105240000
5885,105262500
5886,105285000
5887,105307500
5888,105330000
5889,105352500
5890,105375000
5891,105397500
5892,105420000
5893,105442500
5894,105465000
5895,105487500
5896,105510000
5897,105532500
5898,105555000
5899,105577500
5900,105600000
5901,105622500
5902,105645000
5903,105667500
5904,105690000
5905,105712500
5906,105735000
5907,105757500
5908,105780000
5909,105802500
5910,105825000
5911,105847500
5912,105870000
5913,105892500
5914,105915000
5915,105937500
5916,105960000
5917,105982500
5918,106005000
5919,106027500
5920,106050000
5921,106072500
5922,106095000
5923,106117500
5924,106140000
5925,106162500
5926,106185000
5927,106207500
5928,106230000
5929,106252500
5930,106275000
5931,106297500
5932,106320000
5933,106342500
5934,106365000
5935,106387500
5936,106410000
5937,106432500
5938,106455000
5939,106477500
5940,106500000
5941,106522500
5942,106545000
5943,106567500
5944,106590000
5945,106612500
5946,106635000
5947,106657500
5948,106680000
5949,106702500
5950,106725000
5951,106747500
5952,106770000
5953,106792500
5954,106815000
5955,106837500
5956,106860000
5957,106882500
5958,106905000
5959,106927500
5960,106950000
5961,106972500
5962,106995000
5963,107017500
5964,107040000
5965,107062500
5966,107085000
5967,107107500
5968,107130000
5969,107152500
5970,107175000
5971,107197500
5972,107220000
5973,107242500
5974,107265000
5975,107287500
5976,107310000
5977,107332500
5978,107355000
5979,107377500
5980,107400000
5981,107422500
5982,107445000
5983,107467500
5984,107490000
5985,107512500
5986,107535000
5987,107557500
5988,107580000
5989,107602500
5990,107625000
5991,107647500
5992,107670000
5993,107692500
5994,107715000
5995,107737500
5996,107760000
5997,107782500
5998,107805000
5999,107827500
6000,107850000
