秘境层数,秘境名称,本层奖励预览,本层事件数,BOSS掉落(掉落ID;数量|掉落ID;数量),敌方阵型,BOSS（引用怪物能力表）,本层事件1（银矿）,本层事件2（2金矿）,本层事件3（3水晶矿）,本层事件4（4地鼠),主角对白4,地鼠需要点击次数,地鼠每次点击获得金币,四叶草增加熟练度,权重1,四叶草增加亲密度,权重2,四叶草增加经验值,权重3,本层事件8（8NPC）,敌方阵型,NPC阵容（引用怪物能力表）,NPC购买价格(道具id;道具数量),本层事件9（9未知）,BOSS展示宝可梦,"Npc展示(1-19男,101-108女)",背景地图资源,扫荡奖励,集字活动扫荡掉落(普通lootid;数量|lootid;数量）,中秋集字扫荡掉落(普通lootid;数量|lootid;数量）,集字活动普通掉落(普通lootid;数量|lootid;数量）,中秋集字普通掉落(普通lootid;数量|lootid;数量）
number,string,string,number,string,number,number,string,string,string,string,string,string,number,number,number,number,number,number,number,string,number,number,string,string,number,number,number,string,string,string,string,string
id,name,lootPreview,Events,loot,bossFormation,bossID,EventLoot1,EventLoot2,EventLoot3,EventLoot4,talk4,MoleCount,MoleGold,LeafEffort,Weight1,LeafLove,Weight2,LeafExp,Weight3,EventLoot8,npcFormation,npcID,npcPrice,EventLoot9,bossShow,npcShow,maps,SweepAward,NormalCollectLootAll,FestivalCollectLootAll,NormalCollectLoot,FestivalCollectLoot
1,1层 暴走沙滩,12400;12401;1;6;12101,25,12400;30|12401;30|1;10000|12101;3,1,500000,1;1000,1;2000|12101;1,6;100,10011;10|10021;1|6;100,发现3只地鼠，点击它们就能获得金币！,15;30;50,200,1,20,100,80,200000,100,12400;10|12401;10,1,500100,1;2000,,1008,1,1,12400;30|12401;30|1;50000|12101;3|1;5000|12503;1|1;20000|12503;1|12101;1|6;10|12400;2|12401;5|10011;5|10021;2|12400;5|12401;5|10021;2,10010002;10,10010006;10,10010002;1,10010006;1
2,2层 常磐小径,12400;12401;1;6;12102,25,12400;30|12401;30|1;20000|12102;3,1,500001,1;2000,1;4000|12102;1,6;100,10011;10|10021;2|6;100,发现3只地鼠，点击它们就能获得金币！,15;30;50,200,1,20,120,80,210000,100,12400;10|12401;10,1,500101,1;4000,,1005,102,2,12400;30|12401;30|1;50000|12102;3|1;5000|12503;1|1;20000|12503;1|12102;1|6;10|12400;2|12401;5|10011;5|10021;2|12400;5|12401;5|10021;2,10010002;10,10010006;10,10010002;1,10010006;1
3,3层 洞窟密道,12400;12401;1;6;12103,25,12400;30|12401;30|1;30000|12103;3,1,500002,1;3000,1;6000|12103;1,6;100,10011;10|10021;3|6;100,发现3只地鼠，点击它们就能获得金币！,15;30;50,200,1,20,140,80,220000,100,12400;10|12401;10,1,500102,1;6000,,1003,104,3,12400;30|12401;30|1;50000|12103;3|1;5000|12503;1|1;20000|12503;1|12103;1|6;10|12400;2|12401;5|10011;5|10021;2|12400;5|12401;5|10021;2,10010002;10,10010006;10,10010002;1,10010006;1
4,4层 雪风走廊,12400;12401;1;6;12104,25,12400;30|12401;30|1;40000|12104;3,1,500003,1;4000,1;8000|12104;1,6;100,10011;10|10021;4|6;100,发现3只地鼠，点击它们就能获得金币！,15;30;50,200,1,20,160,80,230000,100,12400;10|12401;10,1,500103,1;8000,,1040,8,4,12400;30|12401;30|1;50000|12104;3|1;5000|12503;1|1;20000|12503;1|12104;1|6;10|12400;2|12401;5|10011;5|10021;2|12400;5|12401;5|10021;2,10010002;10,10010006;10,10010002;1,10010006;1
5,5层 月山竞速,12400;12401;1;6;12105,25,12400;30|12401;30|1;50000|12105;3,1,500004,1;5000,1;10000|12105;1,6;100,10011;10|10021;5|6;100,发现3只地鼠，点击它们就能获得金币！,15;30;50,200,1,20,180,80,240000,100,12400;10|12401;10,1,500104,1;10000,,1028,11,5,12400;30|12401;30|1;50000|12105;3|1;5000|12503;1|1;20000|12503;1|12105;1|6;10|12400;2|12401;5|10011;5|10021;2|12400;5|12401;5|10021;2,10010002;10,10010006;10,10010002;1,10010006;1
6,6层 双岛回廊,12400;12401;1;6;12106,25,12400;30|12401;30|1;60000|12106;3,1,500005,1;6000,1;12000|12106;1,6;100,10011;20|10021;6|6;100,发现3只地鼠，点击它们就能获得金币！,15;30;50,200,1,20,200,80,250000,100,12400;10|12401;10,1,500105,1;12000,,1073,108,6,12400;30|12401;30|1;50000|12106;3|1;5000|12503;1|1;20000|12503;1|12106;1|6;10|12400;2|12401;5|10011;5|10021;2|12400;5|12401;5|10021;3,10010002;10,10010006;10,10010002;1,10010006;1
7,7层 原野小径,12400;12401;1;6;12107,25,12400;30|12401;30|1;70000|12107;3,1,500006,1;7000,1;14000|12107;1,6;100,10011;20|10021;7|6;100,发现3只地鼠，点击它们就能获得金币！,15;30;50,200,1,20,220,80,260000,100,12400;10|12401;10,1,500106,1;14000,,1094,105,7,12400;30|12401;30|1;50000|12107;3|1;5000|12503;1|1;20000|12503;1|12107;1|6;10|12400;2|12401;5|10011;5|10021;2|12400;5|12401;5|10021;3,10010002;10,10010006;10,10010002;1,10010006;1
8,8层 鼠洞底层,12400;12401;1;6;12108,25,12400;30|12401;30|1;80000|12108;3,1,500007,1;8000,1;16000|12108;1,6;100,10011;20|10021;8|6;100,发现3只地鼠，点击它们就能获得金币！,15;30;50,200,1,20,240,80,270000,100,12400;10|12401;10,1,500107,1;16000,,1059,14,8,12400;30|12401;30|1;50000|12108;3|1;5000|12503;1|1;20000|12503;1|12108;1|6;15|12400;2|12401;5|10011;5|10021;2|12400;5|12401;5|10021;3,10010002;10,10010006;10,10010002;1,10010006;1
9,9层 公园密道,12400;12401;1;6;12109,25,12400;35|12401;35|1;90000|12109;3,1,500008,1;9000,1;18000|12109;1,6;100,10011;20|10021;9|6;100,发现3只地鼠，点击它们就能获得金币！,15;30;50,200,1,20,260,80,280000,100,12400;10|12401;10,1,500108,1;18000,,1130,3,9,12400;35|12401;35|1;65000|12101;4|1;5000|12503;1|1;40000|12503;2|12101;1|6;15|12400;4|12401;5|10011;7|10021;3|12400;6|12401;6|10021;3,10010002;10,10010006;10,10010002;1,10010006;1
10,10层黄昏村落,12400;12401;1;6;12111,25,12400;35|12401;35|1;100000|12111;3,1,500009,1;10000,1;20000|12111;1,6;150,10011;20|10021;10|6;150,发现3只地鼠，点击它们就能获得金币！,15;30;50,200,1,20,280,80,290000,100,12400;10|12401;10,1,500109,1;20000,,1150,107,10,12400;35|12401;35|1;65000|12102;4|1;5000|12503;1|1;40000|12503;2|12102;1|6;15|12400;4|12401;5|10011;7|10021;3|12400;6|12401;6|10021;3,10010002;10,10010006;10,10010002;1,10010006;1
11,11层狂野派对,12400;12401;1;6;12121,30,12400;35|12401;35|1;110000|12121;3,1,500010,1;11000,1;22000|12121;1,6;150,10011;30|10021;11|6;150,发现3只地鼠，点击它们就能获得金币！,15;30;50,400,2,20,300,80,300000,120,12400;15|12401;15,1,500110,1;22000,,1150,1,11,12400;35|12401;35|1;65000|12103;4|1;5000|12503;1|1;40000|12503;2|12103;1|6;15|12400;4|12401;5|10011;7|10021;3|12400;6|12401;6|10021;4,10010002;10,10010006;10,10010002;1,10010006;1
12,12层风雪小站,12400;12401;1;6;12122,30,12400;35|12401;35|1;120000|12122;3,1,500011,1;12000,1;24000|12122;1,6;150,10011;30|10021;12|6;150,发现3只地鼠，点击它们就能获得金币！,15;30;50,400,2,20,320,80,310000,120,12400;15|12401;15,1,500111,1;24000,,1017,102,12,12400;35|12401;35|1;65000|12104;4|1;5000|12503;1|1;40000|12503;2|12104;1|6;15|12400;4|12401;5|10011;7|10021;3|12400;6|12401;6|10021;4,10010002;10,10010006;10,10010002;1,10010006;1
13,13层绿野公路,12400;12401;1;6;12123,30,12400;35|12401;35|1;130000|12123;3,1,500012,1;13000,1;26000|12123;1,6;150,10011;30|10021;13|6;150,发现3只地鼠，点击它们就能获得金币！,15;30;50,400,2,20,340,80,320000,120,12400;15|12401;15,1,500112,1;26000,,1074,104,13,12400;35|12401;35|1;65000|12105;4|1;5000|12503;1|1;40000|12503;2|12105;1|6;15|12400;4|12401;5|10011;7|10021;3|12400;6|12401;6|10021;4,10010002;10,10010006;10,10010002;1,10010006;1
14,14层修行隧道,12400;12401;1;6;12124,30,12400;35|12401;35|1;140000|12124;3,1,500013,1;14000,1;28000|12124;1,6;150,10011;30|10021;14|6;150,发现3只地鼠，点击它们就能获得金币！,15;30;50,400,2,20,360,80,330000,120,12400;15|12401;15,1,500113,1;28000,,1100,8,14,12400;35|12401;35|1;65000|12106;4|1;5000|12503;1|1;40000|12503;2|12106;1|6;15|12400;4|12401;5|10011;7|10021;3|12400;6|12401;6|10021;4,10010002;10,10010006;10,10010002;1,10010006;1
15,15层獠牙小径,12400;12401;1;6;12125,30,12400;35|12401;35|1;150000|12125;3,1,500014,1;15000,1;30000|12125;1,6;150,10011;30|10021;15|6;150,发现3只地鼠，点击它们就能获得金币！,15;30;50,400,2,20,380,80,340000,120,12400;15|12401;15,1,500114,1;30000,,1636,11,15,12400;35|12401;35|1;65000|12107;4|1;5000|12503;1|1;40000|12503;2|12107;1|6;15|12400;4|12401;5|10011;7|10021;3|12400;6|12401;6|10021;4,10010002;10,10010006;10,10010002;1,10010006;1
16,16层46号公路,12400;12401;1;6;12126,30,12400;35|12401;35|1;160000|12126;3,1,500015,1;16000,1;32000|12126;1,6;150,10011;40|10021;16|6;150,发现3只地鼠，点击它们就能获得金币！,15;30;50,400,2,20,400,80,350000,120,12400;15|12401;15,1,500115,1;32000,,1101,108,16,12400;35|12401;35|1;65000|12108;4|1;5000|12503;1|1;40000|12503;2|12108;1|6;15|12400;4|12401;5|10011;7|10021;3|12400;6|12401;6|10021;5,10010002;10,10010006;10,10010002;1,10010006;1
17,17层极速庭院,12400;12401;1;6;12127,30,12400;40|12401;40|1;170000|12127;3,1,500016,1;17000,1;34000|12127;1,6;150,10011;40|10021;17|6;150,发现3只地鼠，点击它们就能获得金币！,15;30;50,400,2,20,420,80,360000,120,12400;15|12401;15,1,500116,1;34000,,1140,105,17,12400;40|12401;40|1;75000|12101;5|1;6000|12503;2|1;50000|12503;3|12101;1|6;20|12400;6|12401;6|10011;8|10021;4|12400;7|12401;7|10021;5,10010002;10,10010006;10,10010002;1,10010006;1
18,18层洞窟密道,12400;12401;1;6;12128,30,12400;40|12401;40|1;180000|12128;3,1,500017,1;18000,1;36000|12128;1,6;150,10011;40|10021;18|6;150,发现3只地鼠，点击它们就能获得金币！,15;30;50,400,2,20,440,80,370000,120,12400;15|12401;15,1,500117,1;36000,,1109,14,18,12400;40|12401;40|1;75000|12102;5|1;6000|12503;2|1;50000|12503;3|12102;1|6;20|12400;6|12401;6|10011;8|10021;4|12400;7|12401;7|10021;5,10010002;10,10010006;10,10010002;1,10010006;1
19,19层雪风平原,12400;12401;1;6;12129,30,12400;40|12401;40|1;190000|12129;3,1,500018,1;19000,1;38000|12129;1,6;150,10011;40|10021;19|6;150,发现3只地鼠，点击它们就能获得金币！,15;30;50,400,2,20,460,80,380000,120,12400;15|12401;15,1,500118,1;38000,,1093,3,19,12400;40|12401;40|1;75000|12103;5|1;6000|12503;2|1;50000|12503;3|12103;1|6;20|12400;6|12401;6|10011;8|10021;4|12400;7|12401;7|10021;5,10010002;10,10010006;10,10010002;1,10010006;1
20,20层月山中部,12400;12401;1;6;12111,30,12400;40|12401;40|1;200000|12111;3,1,500019,1;20000,1;40000|12111;1,6;200,10011;40|10021;20|6;200,发现3只地鼠，点击它们就能获得金币！,15;30;50,400,2,20,480,80,390000,120,12400;15|12401;15,1,500119,1;40000,,1135,107,20,12400;40|12401;40|1;75000|12104;5|1;6000|12503;2|1;50000|12503;3|12104;1|6;20|12400;6|12401;6|10011;8|10021;4|12400;7|12401;7|10021;5,10010002;10,10010006;10,10010002;1,10010006;1
21,21层双岛西部,12400;12401;1;6;12101,35,12400;40|12401;40|1;210000|12101;6,1,500020,1;21000,1;42000|12101;2,6;200,10012;5|10021;21|6;200,发现3只地鼠，点击它们就能获得金币！,15;30;50,600,3,20,500,80,400000,150,12400;20|12401;20,1,500120,1;42000,,1148,1,1,12400;40|12401;40|1;75000|12105;5|1;6000|12503;2|1;50000|12503;3|12105;1|6;20|12400;6|12401;6|10011;8|10021;4|12400;7|12401;7|10021;6,10010002;10,10010006;10,10010002;1,10010006;1
22,22层妖精公路,12400;12401;1;6;12102,35,12400;40|12401;40|1;220000|12102;6,1,500021,1;22000,1;44000|12102;2,6;200,10012;5|10021;22|6;200,发现3只地鼠，点击它们就能获得金币！,15;30;50,600,3,20,520,80,410000,150,12400;20|12401;20,1,500121,1;44000,,1273,102,2,12400;40|12401;40|1;75000|12106;5|1;6000|12503;2|1;50000|12503;3|12106;1|6;20|12400;6|12401;6|10011;8|10021;4|12400;7|12401;7|10021;6,10010002;10,10010006;10,10010002;1,10010006;1
23,23层鼠洞顶部,12400;12401;1;6;12103,35,12400;40|12401;40|1;230000|12103;6,1,500022,1;23000,1;46000|12103;2,6;200,10012;5|10021;23|6;200,发现3只地鼠，点击它们就能获得金币！,15;30;50,600,3,20,540,80,420000,150,12400;20|12401;20,1,500122,1;46000,,1024,104,3,12400;40|12401;40|1;75000|12107;5|1;6000|12503;2|1;50000|12503;3|12107;1|6;20|12400;6|12401;6|10011;8|10021;4|12400;7|12401;7|10021;6,10010002;10,10010006;10,10010002;1,10010006;1
24,24层朋友公园,12400;12401;1;6;12104,35,12400;40|12401;40|1;240000|12104;6,1,500023,1;24000,1;48000|12104;2,6;200,10012;6|10021;24|6;200,发现3只地鼠，点击它们就能获得金币！,15;30;50,600,3,20,560,80,430000,150,12400;20|12401;20,1,500123,1;48000,,1003,8,4,12400;40|12401;40|1;75000|12108;5|1;6000|12503;2|1;50000|12503;3|12108;1|6;20|12400;6|12401;6|10011;8|10021;4|12400;7|12401;7|10021;6,10010002;10,10010006;10,10010002;1,10010006;1
25,25层蝙蝠洞窟,12400;12401;1;6;12105,35,12400;45|12401;45|1;250000|12105;6,1,500024,1;25000,1;50000|12105;2,6;200,10012;6|10021;25|6;200,发现3只地鼠，点击它们就能获得金币！,15;30;50,600,3,20,580,80,440000,150,12400;20|12401;20,1,500124,1;50000,,1080,11,5,12400;45|12401;45|1;90000|12101;6|1;6000|12503;2|1;60000|12503;4|12101;1|6;25|12400;8|12401;6|10011;9|10021;5|12400;8|12401;8|10021;6,10010002;10,10010006;10,10010002;1,10010006;1
26,26层度假沙滩,12400;12401;1;6;12106,35,12400;45|12401;45|1;260000|12106;6,1,500025,1;26000,1;52000|12106;2,6;200,10012;6|10021;26|6;200,发现3只地鼠，点击它们就能获得金币！,15;30;50,600,3,20,600,80,450000,150,12400;20|12401;20,1,500125,1;52000,,1106,108,6,12400;45|12401;45|1;90000|12102;6|1;6000|12503;2|1;60000|12503;4|12102;1|6;25|12400;8|12401;6|10011;9|10021;5|12400;8|12401;8|10021;7,10010002;10,10010006;10,10010002;1,10010006;1
27,27层雪人小径,12400;12401;1;6;12107,35,12400;45|12401;45|1;270000|12107;6,1,500026,1;27000,1;54000|12107;2,6;200,10012;7|10021;27|6;200,发现3只地鼠，点击它们就能获得金币！,15;30;50,600,3,20,620,80,460000,150,12400;20|12401;20,1,500126,1;54000,,1009,105,7,12400;45|12401;45|1;90000|12103;6|1;6000|12503;2|1;60000|12503;4|12103;1|6;25|12400;8|12401;6|10011;9|10021;5|12400;8|12401;8|10021;7,10010002;10,10010006;10,10010002;1,10010006;1
28,28层38号公路,12400;12401;1;6;12108,35,12400;45|12401;45|1;280000|12108;6,1,500027,1;28000,1;56000|12108;2,6;200,10012;7|10021;28|6;200,发现3只地鼠，点击它们就能获得金币！,15;30;50,600,3,20,640,80,470000,150,12400;20|12401;20,1,500127,1;56000,,1090,14,8,12400;45|12401;45|1;90000|12104;6|1;6000|12503;2|1;60000|12503;4|12104;1|6;25|12400;8|12401;6|10011;9|10021;5|12400;8|12401;8|10021;7,10010002;10,10010006;10,10010002;1,10010006;1
29,29层1071隧道,12400;12401;1;6;12109,35,12400;45|12401;45|1;290000|12109;6,1,500028,1;29000,1;58000|12109;2,6;200,10012;7|10021;29|6;200,发现3只地鼠，点击它们就能获得金币！,15;30;50,600,3,20,660,80,480000,150,12400;20|12401;20,1,500128,1;58000,,1148,3,9,12400;45|12401;45|1;90000|12105;6|1;6000|12503;2|1;60000|12503;4|12105;1|6;25|12400;8|12401;6|10011;9|10021;5|12400;8|12401;8|10021;7,10010002;10,10010006;10,10010002;1,10010006;1
30,30层獠牙北部,12400;12401;1;6;12111,35,12400;45|12401;45|1;300000|12111;6,1,500029,1;30000,1;60000|12111;2,6;250,10012;8|10021;30|6;250,发现3只地鼠，点击它们就能获得金币！,15;30;50,600,3,20,680,80,490000,150,12400;20|12401;20,1,500129,1;60000,,1028,107,10,12400;45|12401;45|1;90000|12106;6|1;6000|12503;2|1;60000|12503;4|12106;1|6;25|12400;8|12401;6|10011;9|10021;5|12400;8|12401;8|10021;7,10010002;10,10010006;10,10010002;1,10010006;1
31,31层沙滩公路,12400;12401;1;6;12121,40,12400;45|12401;45|1;310000|12121;6,1,500030,1;31000,1;62000|12121;2,6;250,10012;8|10021;31|6;250,发现3只地鼠，点击它们就能获得金币！,15;30;50,800,4,20,700,80,500000,200,12400;25|12401;25,1,500130,1;62000,,1250,1,11,12400;45|12401;45|1;90000|12107;6|1;6000|12503;2|1;60000|12503;4|12107;1|6;25|12400;8|12401;6|10011;9|10021;5|12400;8|12401;8|10021;8,10010002;10,10010006;10,10010002;1,10010006;1
32,32层常磐平原,12400;12401;1;6;12122,40,12400;45|12401;45|1;320000|12122;6,1,500031,1;32000,1;64000|12122;2,6;250,10012;8|10021;32|6;250,发现3只地鼠，点击它们就能获得金币！,15;30;50,800,4,20,720,80,510000,200,12400;25|12401;25,1,500131,1;64000,,1137,102,12,12400;45|12401;45|1;90000|12108;6|1;6000|12503;2|1;60000|12503;4|12108;1|6;25|12400;8|12401;6|10011;9|10021;5|12400;8|12401;8|10021;8,10010002;10,10010006;10,10010002;1,10010006;1
33,33层蝙蝠洞窟,12400;12401;1;6;12123,40,12400;50|12401;50|1;330000|12123;6,1,500032,1;33000,1;66000|12123;2,6;250,10012;9|10021;33|6;250,发现3只地鼠，点击它们就能获得金币！,15;30;50,800,4,20,740,80,520000,200,12400;25|12401;25,1,500132,1;66000,,1111,104,13,12400;50|12401;50|1;100000|12101;7|1;7000|12503;3|1;70000|12503;5|12101;1|6;30|12400;10|12401;7|10011;10|10021;6|12400;9|12401;9|10021;8,10010002;10,10010006;10,10010002;1,10010006;1
34,34层雪风公路,12400;12401;1;6;12124,40,12400;50|12401;50|1;340000|12124;6,1,500033,1;34000,1;68000|12124;2,6;250,10012;9|10021;34|6;250,发现3只地鼠，点击它们就能获得金币！,15;30;50,800,4,20,760,80,530000,200,12400;25|12401;25,1,500133,1;68000,,1092,8,14,12400;50|12401;50|1;100000|12102;7|1;7000|12503;3|1;70000|12503;5|12102;1|6;30|12400;10|12401;7|10011;10|10021;6|12400;9|12401;9|10021;8,10010002;10,10010006;10,10010002;1,10010006;1
35,35层月山山顶,12400;12401;1;6;12125,40,12400;50|12401;50|1;350000|12125;6,1,500034,1;35000,1;70000|12125;2,6;250,10012;9|10021;35|6;250,发现3只地鼠，点击它们就能获得金币！,15;30;50,800,4,20,780,80,540000,200,12400;25|12401;25,1,500134,1;70000,,1048,11,15,12400;50|12401;50|1;100000|12103;7|1;7000|12503;3|1;70000|12503;5|12103;1|6;30|12400;10|12401;7|10011;10|10021;6|12400;9|12401;9|10021;8,10010002;10,10010006;10,10010002;1,10010006;1
36,36层双岛中部,12400;12401;1;6;12126,40,12400;50|12401;50|1;360000|12126;6,1,500035,1;36000,1;72000|12126;2,6;250,10012;10|10021;36|6;250,发现3只地鼠，点击它们就能获得金币！,15;30;50,800,4,20,800,80,550000,200,12400;25|12401;25,1,500135,1;72000,,1101,108,16,12400;50|12401;50|1;100000|12104;7|1;7000|12503;3|1;70000|12503;5|12104;1|6;30|12400;10|12401;7|10011;10|10021;6|12400;9|12401;9|10021;9,10010002;10,10010006;10,10010002;1,10010006;1
37,37层原野公路,12400;12401;1;6;12127,40,12400;50|12401;50|1;370000|12127;6,1,500036,1;37000,1;74000|12127;2,6;250,10012;10|10021;37|6;250,发现3只地鼠，点击它们就能获得金币！,15;30;50,800,4,20,820,80,560000,200,12400;25|12401;25,1,500136,1;74000,,1140,105,17,12400;50|12401;50|1;100000|12105;7|1;7000|12503;3|1;70000|12503;5|12105;1|6;30|12400;10|12401;7|10011;10|10021;6|12400;9|12401;9|10021;9,10010002;10,10010006;10,10010002;1,10010006;1
38,38层鼹鼠之家,12400;12401;1;6;12128,40,12400;50|12401;50|1;380000|12128;6,1,500037,1;38000,1;76000|12128;2,6;250,10012;10|10021;38|6;250,发现3只地鼠，点击它们就能获得金币！,15;30;50,800,4,20,840,80,570000,200,12400;25|12401;25,1,500137,1;76000,,1109,14,18,12400;50|12401;50|1;100000|12106;7|1;7000|12503;3|1;70000|12503;5|12106;1|6;30|12400;10|12401;7|10011;10|10021;6|12400;9|12401;9|10021;9,10010002;10,10010006;10,10010002;1,10010006;1
39,39层公园南部,12400;12401;1;6;12129,40,12400;50|12401;50|1;390000|12129;6,1,500038,1;39000,1;78000|12129;2,6;250,10012;11|10021;39|6;250,发现3只地鼠，点击它们就能获得金币！,15;30;50,800,4,20,860,80,580000,200,12400;25|12401;25,1,500138,1;78000,,1033,3,19,12400;50|12401;50|1;100000|12107;7|1;7000|12503;3|1;70000|12503;5|12107;1|6;30|12400;10|12401;7|10011;10|10021;6|12400;9|12401;9|10021;9,10010002;10,10010006;10,10010002;1,10010006;1
40,40层大师之路,12400;12401;1;6;12111,40,12400;50|12401;50|1;400000|12111;6,1,500039,1;40000,1;80000|12111;2,6;300,10012;11|10021;40|6;300,发现3只地鼠，点击它们就能获得金币！,15;30;50,800,4,20,880,80,590000,200,12400;25|12401;25,1,500139,1;80000,,1135,107,20,12400;50|12401;50|1;100000|12108;7|1;7000|12503;3|1;70000|12503;5|12108;1|6;30|12400;10|12401;7|10011;10|10021;6|12400;9|12401;9|10021;9,10010002;10,10010006;10,10010002;1,10010006;1
41,41层狂野公路,12400;12401;1;6;12101,45,12400;55|12401;55|1;410000|12101;9,1,500040,1;41000,1;82000|12101;3,6;300,10012;11|10021;41|6;300,发现3只地鼠，点击它们就能获得金币！,15;30;50,1000,5,20,900,80,600000,200,12400;30|12401;30,1,500140,1;82000,,1212,1,1,12400;55|12401;55|1;120000|12101;8|1;7000|12503;3|1;70000|12503;6|12101;1|6;30|12400;10|12401;7|10011;11|10021;7|12400;9|12401;9|10021;10,10010002;10,10010006;10,10010002;1,10010006;1
42,42层雪山东部,12400;12401;1;6;12102,45,12400;55|12401;55|1;420000|12102;9,1,500041,1;42000,1;84000|12102;3,6;300,10012;12|10021;42|6;300,发现3只地鼠，点击它们就能获得金币！,15;30;50,1000,5,20,920,80,610000,200,12400;30|12401;30,1,500141,1;84000,,1045,102,2,12400;55|12401;55|1;120000|12102;8|1;7000|12503;3|1;70000|12503;6|12102;1|6;30|12400;10|12401;7|10011;11|10021;7|12400;9|12401;9|10021;10,10010002;10,10010006;10,10010002;1,10010006;1
43,43层101号公路,12400;12401;1;6;12103,45,12400;55|12401;55|1;430000|12103;9,1,500042,1;43000,1;86000|12103;3,6;300,10012;12|10021;43|6;300,发现3只地鼠，点击它们就能获得金币！,15;30;50,1000,5,20,940,80,620000,200,12400;30|12401;30,1,500142,1;86000,,1079,104,3,12400;55|12401;55|1;120000|12103;8|1;7000|12503;3|1;70000|12503;6|12103;1|6;30|12400;10|12401;7|10011;11|10021;7|12400;9|12401;9|10021;10,10010002;10,10010006;10,10010002;1,10010006;1
44,44层97号隧道,12400;12401;1;6;12104,45,12400;55|12401;55|1;440000|12104;9,1,500043,1;44000,1;88000|12104;3,6;300,10012;12|10021;44|6;300,发现3只地鼠，点击它们就能获得金币！,15;30;50,1000,5,20,960,80,630000,200,12400;30|12401;30,1,500143,1;88000,,1003,8,4,12400;55|12401;55|1;120000|12104;8|1;7000|12503;3|1;70000|12503;6|12104;1|6;30|12400;10|12401;7|10011;11|10021;7|12400;9|12401;9|10021;10,10010002;10,10010006;10,10010002;1,10010006;1
45,45层冠军小径,12400;12401;1;6;12105,45,12400;55|12401;55|1;450000|12105;9,1,500044,1;45000,1;90000|12105;3,6;300,10012;13|10021;45|6;300,发现3只地鼠，点击它们就能获得金币！,15;30;50,1000,5,20,980,80,640000,200,12400;30|12401;30,1,500144,1;90000,,1080,11,5,12400;55|12401;55|1;120000|12105;8|1;7000|12503;3|1;70000|12503;6|12105;1|6;30|12400;10|12401;7|10011;11|10021;7|12400;9|12401;9|10021;10,10010002;10,10010006;10,10010002;1,10010006;1
46,46层常胜沙滩,12400;12401;1;6;12106,45,12400;55|12401;55|1;460000|12106;9,1,500045,1;46000,1;92000|12106;3,6;300,10012;13|10021;46|6;300,发现3只地鼠，点击它们就能获得金币！,15;30;50,1000,5,20,1000,80,650000,200,12400;30|12401;30,1,500145,1;92000,,1106,108,6,12400;55|12401;55|1;120000|12106;8|1;7000|12503;3|1;70000|12503;6|12106;1|6;30|12400;10|12401;7|10011;11|10021;7|12400;9|12401;9|10021;11,10010002;10,10010006;10,10010002;1,10010006;1
47,47层无言村庄,12400;12401;1;6;12107,45,12400;55|12401;55|1;470000|12107;9,1,500046,1;47000,1;94000|12107;3,6;300,10012;13|10021;47|6;300,发现3只地鼠，点击它们就能获得金币！,15;30;50,1000,5,20,1020,80,660000,200,12400;30|12401;30,1,500146,1;94000,,1009,105,7,12400;55|12401;55|1;120000|12107;8|1;7000|12503;3|1;70000|12503;6|12107;1|6;30|12400;10|12401;7|10011;11|10021;7|12400;9|12401;9|10021;11,10010002;10,10010006;10,10010002;1,10010006;1
48,48层绿野公路,12400;12401;1;6;12108,45,12400;55|12401;55|1;480000|12108;9,1,500047,1;48000,1;96000|12108;3,6;300,10012;14|10021;48|6;300,发现3只地鼠，点击它们就能获得金币！,15;30;50,1000,5,20,1040,80,670000,200,12400;30|12401;30,1,500147,1;96000,,1090,14,8,12400;55|12401;55|1;120000|12108;8|1;7000|12503;3|1;70000|12503;6|12108;1|6;30|12400;10|12401;7|10011;11|10021;7|12400;9|12401;9|10021;11,10010002;10,10010006;10,10010002;1,10010006;1
49,49层修行隧道,12400;12401;1;6;12109,45,12400;60|12401;60|1;490000|12109;9,1,500048,1;49000,1;98000|12109;3,6;300,10012;14|10021;49|6;300,发现3只地鼠，点击它们就能获得金币！,15;30;50,1000,5,20,1060,80,680000,200,12400;30|12401;30,1,500148,1;98000,,1148,3,9,12400;60|12401;60|1;140000|12101;8|1;7000|12503;3|12503;6|12001;20|12101;2|6;35|12400;10|12401;8|10011;12|10021;8|12400;10|12401;10|10021;11,10010002;10,10010006;10,10010002;1,10010006;1
50,50层冠军森林,12400;12401;1;6;12111,45,12400;60|12401;60|1;500000|12111;9,1,500049,1;50000,1;100000|12111;3,6;350,10012;14|10021;50|6;350,发现3只地鼠，点击它们就能获得金币！,15;30;50,1000,5,20,1080,80,690000,200,12400;30|12401;30,1,500149,1;50000,,1028,107,10,12400;60|12401;60|1;140000|12102;8|1;7000|12503;3|12503;6|12001;20|12102;2|6;35|12400;10|12401;8|10011;12|10021;8|12400;10|12401;10|10021;11,10010002;10,10010006;10,10010002;1,10010006;1
51,51层狂野沙滩I,12400;12401;1;6;12121,50,12400;60|12401;60|1;510000|12121;9,1,500050,1;51000,1;102000|12121;3,6;350,10012;15|10021;51|6;350,发现3只地鼠，点击它们就能获得金币！,15;30;50,1200,6,20,1100,80,700000,200,12400;35|12401;35,1,500150,1;100001,,1008,1,1,12400;60|12401;60|1;140000|12103;8|1;7000|12503;3|12503;6|12001;20|12103;2|6;35|12400;10|12401;8|10011;12|10021;8|12400;10|12401;10|10021;12,10010002;10,10010006;10,10010002;1,10010006;1
52,52层狂野沙滩II,12400;12401;1;6;12122,50,12400;60|12401;60|1;520000|12122;9,1,500051,1;52000,1;104000|12122;3,6;350,10012;15|10021;52|6;350,发现3只地鼠，点击它们就能获得金币！,15;30;50,1200,6,20,1120,80,710000,200,12400;35|12401;35,1,500151,1;100002,,1005,102,2,12400;60|12401;60|1;140000|12104;8|1;7000|12503;3|12503;6|12001;20|12104;2|6;35|12400;10|12401;8|10011;12|10021;8|12400;10|12401;10|10021;12,10010002;10,10010006;10,10010002;1,10010006;1
53,53层狂野沙滩III,12400;12401;1;6;12123,50,12400;60|12401;60|1;530000|12123;9,1,500052,1;53000,1;106000|12123;3,6;350,10012;15|10021;53|6;350,发现3只地鼠，点击它们就能获得金币！,15;30;50,1200,6,20,1140,80,720000,200,12400;35|12401;35,1,500152,1;100003,,1003,104,3,12400;60|12401;60|1;140000|12105;8|1;7000|12503;3|12503;6|12001;20|12105;2|6;35|12400;10|12401;8|10011;12|10021;8|12400;10|12401;10|10021;12,10010002;10,10010006;10,10010002;1,10010006;1
54,54层狂野沙滩IV,12400;12401;1;6;12124,50,12400;60|12401;60|1;540000|12124;9,1,500053,1;54000,1;108000|12124;3,6;350,10012;16|10021;54|6;350,发现3只地鼠，点击它们就能获得金币！,15;30;50,1200,6,20,1160,80,730000,200,12400;35|12401;35,1,500153,1;100004,,1040,8,4,12400;60|12401;60|1;140000|12106;8|1;7000|12503;3|12503;6|12001;20|12106;2|6;35|12400;10|12401;8|10011;12|10021;8|12400;10|12401;10|10021;12,10010002;10,10010006;10,10010002;1,10010006;1
55,55层狂野沙滩V,12400;12401;1;6;12125,50,12400;60|12401;60|1;550000|12125;9,1,500054,1;55000,1;110000|12125;3,6;350,10012;16|10021;55|6;350,发现3只地鼠，点击它们就能获得金币！,15;30;50,1200,6,20,1180,80,740000,200,12400;35|12401;35,1,500154,1;100005,,1028,11,5,12400;60|12401;60|1;140000|12107;8|1;7000|12503;3|12503;6|12001;20|12107;2|6;35|12400;10|12401;8|10011;12|10021;8|12400;10|12401;10|10021;12,10010002;10,10010006;10,10010002;1,10010006;1
56,56层狂野沙滩VI,12400;12401;1;6;12126,50,12400;60|12401;60|1;560000|12126;9,1,500055,1;56000,1;112000|12126;3,6;350,10012;16|10021;56|6;350,发现3只地鼠，点击它们就能获得金币！,15;30;50,1200,6,20,1200,80,750000,200,12400;35|12401;35,1,500155,1;100006,,1073,108,6,12400;60|12401;60|1;140000|12108;8|1;7000|12503;3|12503;6|12001;20|12108;2|6;35|12400;10|12401;8|10011;12|10021;8|12400;10|12401;10|10021;13,10010002;10,10010006;10,10010002;1,10010006;1
57,57层狂野沙滩VII,12400;12401;1;6;12127,50,12400;65|12401;65|1;570000|12127;9,1,500056,1;57000,1;114000|12127;3,6;350,10012;17|10021;57|6;350,发现3只地鼠，点击它们就能获得金币！,15;30;50,1200,6,20,1220,80,760000,200,12400;35|12401;35,1,500156,1;100007,,1094,105,7,12400;65|12401;65|1;150000|12101;9|1;7000|12503;3|12503;6|12001;30|12101;2|6;35|12400;10|12401;8|10011;13|10021;9|12400;10|12401;10|10021;13,10010002;10,10010006;10,10010002;1,10010006;1
58,58层狂野沙滩VIII,12400;12401;1;6;12128,50,12400;65|12401;65|1;580000|12128;9,1,500057,1;58000,1;116000|12128;3,6;350,10012;17|10021;58|6;350,发现3只地鼠，点击它们就能获得金币！,15;30;50,1200,6,20,1240,80,770000,200,12400;35|12401;35,1,500157,1;100008,,1059,14,8,12400;65|12401;65|1;150000|12102;9|1;7000|12503;3|12503;6|12001;30|12102;2|6;35|12400;10|12401;8|10011;13|10021;9|12400;10|12401;10|10021;13,10010002;10,10010006;10,10010002;1,10010006;1
59,59层狂野沙滩IX,12400;12401;1;6;12129,50,12400;65|12401;65|1;590000|12129;9,1,500058,1;59000,1;118000|12129;3,6;350,10012;17|10021;59|6;350,发现3只地鼠，点击它们就能获得金币！,15;30;50,1200,6,20,1260,80,780000,200,12400;35|12401;35,1,500158,1;100009,,1130,3,9,12400;65|12401;65|1;150000|12103;9|1;7000|12503;3|12503;6|12001;30|12103;2|6;35|12400;10|12401;8|10011;13|10021;9|12400;10|12401;10|10021;13,10010002;10,10010006;10,10010002;1,10010006;1
60,60层狂野沙滩X,12400;12401;1;6;12111,50,12400;65|12401;65|1;600000|12111;9,1,500059,1;60000,1;120000|12111;3,6;400,10012;18|10021;60|6;400,发现3只地鼠，点击它们就能获得金币！,15;30;50,1200,6,20,1280,80,790000,200,12400;35|12401;35,1,500159,1;100010,,1150,107,10,12400;65|12401;65|1;150000|12104;9|1;7000|12503;3|12503;6|12001;30|12104;2|6;35|12400;10|12401;8|10011;13|10021;9|12400;10|12401;10|10021;13,10010002;10,10010006;10,10010002;1,10010006;1
61,61层地底密道I,12400;12401;1;6;12101,55,12400;65|12401;65|1;610000|12101;12,1,500060,1;61000,1;122000|12101;4,6;400,10012;18|10021;61|6;400,发现3只地鼠，点击它们就能获得金币！,15;30;50,1400,7,20,1300,80,800000,200,12400;40|12401;40,1,500160,1;100011,,1150,1,11,12400;65|12401;65|1;150000|12105;9|1;7000|12503;3|12503;6|12001;30|12105;2|6;35|12400;10|12401;8|10011;13|10021;9|12400;10|12401;10|10021;14,10010002;10,10010006;10,10010002;1,10010006;1
62,62层地底密道II,12400;12401;1;6;12102,55,12400;65|12401;65|1;620000|12102;12,1,500061,1;62000,1;124000|12102;4,6;400,10012;18|10021;62|6;400,发现3只地鼠，点击它们就能获得金币！,15;30;50,1400,7,20,1320,80,810000,200,12400;40|12401;40,1,500161,1;100012,,1017,102,12,12400;65|12401;65|1;150000|12106;9|1;7000|12503;3|12503;6|12001;30|12106;2|6;35|12400;10|12401;8|10011;13|10021;9|12400;10|12401;10|10021;14,10010002;10,10010006;10,10010002;1,10010006;1
63,63层地底密道III,12400;12401;1;6;12103,55,12400;65|12401;65|1;630000|12103;12,1,500062,1;63000,1;126000|12103;4,6;400,10012;19|10021;63|6;400,发现3只地鼠，点击它们就能获得金币！,15;30;50,1400,7,20,1340,80,820000,200,12400;40|12401;40,1,500162,1;100013,,1074,104,13,12400;65|12401;65|1;150000|12107;9|1;7000|12503;3|12503;6|12001;30|12107;2|6;35|12400;10|12401;8|10011;13|10021;9|12400;10|12401;10|10021;14,10010002;10,10010006;10,10010002;1,10010006;1
64,64层地底密道IV,12400;12401;1;6;12104,55,12400;65|12401;65|1;640000|12104;12,1,500063,1;64000,1;128000|12104;4,6;400,10012;19|10021;64|6;400,发现3只地鼠，点击它们就能获得金币！,15;30;50,1400,7,20,1360,80,830000,200,12400;40|12401;40,1,500163,1;100014,,1100,8,14,12400;65|12401;65|1;150000|12108;9|1;7000|12503;3|12503;6|12001;30|12108;2|6;35|12400;10|12401;8|10011;13|10021;9|12400;10|12401;10|10021;14,10010002;10,10010006;10,10010002;1,10010006;1
65,65层地底密道V,12400;12401;1;6;12105,55,12400;70|12401;70|1;650000|12105;12,1,500064,1;65000,1;130000|12105;4,6;400,10012;19|10021;65|6;400,发现3只地鼠，点击它们就能获得金币！,15;30;50,1400,7,20,1380,80,840000,200,12400;40|12401;40,1,500164,1;100015,,1636,11,15,12400;70|12401;70|1;160000|12101;9|1;8000|12503;4|12503;6|12001;40|12101;2|6;40|12400;12|12401;9|10011;14|10021;10|12400;11|12401;11|10021;14,10010002;10,10010006;10,10010002;1,10010006;1
66,66层地底密道VI,12400;12401;1;6;12106,55,12400;70|12401;70|1;660000|12106;12,1,500065,1;66000,1;132000|12106;4,6;400,10013;2|10021;66|6;400,发现3只地鼠，点击它们就能获得金币！,15;30;50,1400,7,20,1400,80,850000,200,12400;40|12401;40,1,500165,1;100016,,1101,108,16,12400;70|12401;70|1;160000|12102;9|1;8000|12503;4|12503;6|12001;40|12102;2|6;40|12400;12|12401;9|10011;14|10021;10|12400;11|12401;11|10021;15,10010002;10,10010006;10,10010002;1,10010006;1
67,67层地底密道VII,12400;12401;1;6;12107,55,12400;70|12401;70|1;670000|12107;12,1,500066,1;67000,1;134000|12107;4,6;400,10013;2|10021;67|6;400,发现3只地鼠，点击它们就能获得金币！,15;30;50,1400,7,20,1420,80,860000,200,12400;40|12401;40,1,500166,1;100017,,1140,105,17,12400;70|12401;70|1;160000|12103;9|1;8000|12503;4|12503;6|12001;40|12103;2|6;40|12400;12|12401;9|10011;14|10021;10|12400;11|12401;11|10021;15,10010002;10,10010006;10,10010002;1,10010006;1
68,68层地底密道VIII,12400;12401;1;6;12108,55,12400;70|12401;70|1;680000|12108;12,1,500067,1;68000,1;136000|12108;4,6;400,10013;2|10021;68|6;400,发现3只地鼠，点击它们就能获得金币！,15;30;50,1400,7,20,1440,80,870000,200,12400;40|12401;40,1,500167,1;100018,,1109,14,18,12400;70|12401;70|1;160000|12104;9|1;8000|12503;4|12503;6|12001;40|12104;2|6;40|12400;12|12401;9|10011;14|10021;10|12400;11|12401;11|10021;15,10010002;10,10010006;10,10010002;1,10010006;1
69,69层地底密道IX,12400;12401;1;6;12109,55,12400;70|12401;70|1;690000|12109;12,1,500068,1;69000,1;138000|12109;4,6;400,10013;2|10021;69|6;400,发现3只地鼠，点击它们就能获得金币！,15;30;50,1400,7,20,1460,80,880000,200,12400;40|12401;40,1,500168,1;100019,,1093,3,19,12400;70|12401;70|1;160000|12105;9|1;8000|12503;4|12503;6|12001;40|12105;2|6;40|12400;12|12401;9|10011;14|10021;10|12400;11|12401;11|10021;15,10010002;10,10010006;10,10010002;1,10010006;1
70,70层地底密道X,12400;12401;1;6;12111,55,12400;70|12401;70|1;700000|12111;12,1,500069,1;70000,1;140000|12111;4,6;450,10013;2|10021;70|6;450,发现3只地鼠，点击它们就能获得金币！,15;30;50,1400,7,20,1480,80,890000,200,12400;40|12401;40,1,500169,1;100020,,1135,107,20,12400;70|12401;70|1;160000|12106;9|1;8000|12503;4|12503;6|12001;40|12106;2|6;40|12400;12|12401;9|10011;14|10021;10|12400;11|12401;11|10021;15,10010002;10,10010006;10,10010002;1,10010006;1
71,71层灰森林I,12400;12401;1;6;12121,60,12400;70|12401;70|1;710000|12121;12,1,500070,1;71000,1;142000|12121;4,6;450,10013;3|10021;71|6;450,发现3只地鼠，点击它们就能获得金币！,15;30;50,1600,8,20,1500,80,900000,200,12400;45|12401;45,1,500170,1;100021,,1148,1,1,12400;70|12401;70|1;160000|12107;9|1;8000|12503;4|12503;6|12001;40|12107;2|6;40|12400;12|12401;9|10011;14|10021;10|12400;11|12401;11|10021;16,10010002;10,10010006;10,10010002;1,10010006;1
72,72层灰森林II,12400;12401;1;6;12122,60,12400;70|12401;70|1;720000|12122;12,1,500071,1;72000,1;144000|12122;4,6;450,10013;3|10021;72|6;450,发现3只地鼠，点击它们就能获得金币！,15;30;50,1600,8,20,1520,80,910000,200,12400;45|12401;45,1,500171,1;100022,,1273,102,2,12400;70|12401;70|1;160000|12108;9|1;8000|12503;4|12503;6|12001;40|12108;2|6;40|12400;12|12401;9|10011;14|10021;10|12400;11|12401;11|10021;16,10010002;10,10010006;10,10010002;1,10010006;1
73,73层灰森林III,12400;12401;1;6;12123,60,12400;70|12401;70|1;730000|12123;12,1,500072,1;73000,1;146000|12123;4,6;450,10013;3|10021;73|6;450,发现3只地鼠，点击它们就能获得金币！,15;30;50,1600,8,20,1540,80,920000,200,12400;45|12401;45,1,500172,1;100023,,1024,104,3,12400;70|12401;70|1;180000|12101;10|1;8000|12503;4|12503;6|12001;40|12101;3|6;40|12400;12|12401;9|10011;15|10021;11|12400;11|12401;11|10021;16,10010002;10,10010006;10,10010002;1,10010006;1
74,74层灰森林IV,12400;12401;1;6;12124,60,12400;70|12401;70|1;740000|12124;12,1,500073,1;74000,1;148000|12124;4,6;450,10013;3|10021;74|6;450,发现3只地鼠，点击它们就能获得金币！,15;30;50,1600,8,20,1560,80,930000,200,12400;45|12401;45,1,500173,1;100024,,1003,8,4,12400;70|12401;70|1;180000|12102;10|1;8000|12503;4|12503;6|12001;40|12102;3|6;40|12400;12|12401;9|10011;15|10021;11|12400;11|12401;11|10021;16,10010002;10,10010006;10,10010002;1,10010006;1
75,75层灰森林V,12400;12401;1;6;12125,60,12400;70|12401;70|1;750000|12125;12,1,500074,1;75000,1;150000|12125;4,6;450,10013;3|10021;75|6;450,发现3只地鼠，点击它们就能获得金币！,15;30;50,1600,8,20,1580,80,940000,200,12400;45|12401;45,1,500174,1;100025,,1080,11,5,12400;70|12401;70|1;180000|12103;10|1;8000|12503;4|12503;6|12001;40|12103;3|6;40|12400;12|12401;9|10011;15|10021;11|12400;11|12401;11|10021;16,10010002;10,10010006;10,10010002;1,10010006;1
76,76层灰森林VI,12400;12401;1;6;12126,60,12400;70|12401;70|1;760000|12126;12,1,500075,1;76000,1;152000|12126;4,6;450,10013;4|10021;76|6;450,发现3只地鼠，点击它们就能获得金币！,15;30;50,1600,8,20,1600,80,950000,200,12400;45|12401;45,1,500175,1;100026,,1106,108,6,12400;70|12401;70|1;180000|12104;10|1;8000|12503;4|12503;6|12001;40|12104;3|6;40|12400;12|12401;9|10011;15|10021;11|12400;11|12401;11|10021;17,10010002;10,10010006;10,10010002;1,10010006;1
77,77层灰森林VII,12400;12401;1;6;12127,60,12400;70|12401;70|1;770000|12127;12,1,500076,1;77000,1;154000|12127;4,6;450,10013;4|10021;77|6;450,发现3只地鼠，点击它们就能获得金币！,15;30;50,1600,8,20,1620,80,960000,200,12400;45|12401;45,1,500176,1;100027,,1009,105,7,12400;70|12401;70|1;180000|12105;10|1;8000|12503;4|12503;6|12001;40|12105;3|6;40|12400;12|12401;9|10011;15|10021;11|12400;11|12401;11|10021;17,10010002;10,10010006;10,10010002;1,10010006;1
78,78层灰森林VIII,12400;12401;1;6;12128,60,12400;70|12401;70|1;780000|12128;12,1,500077,1;78000,1;156000|12128;4,6;450,10013;4|10021;78|6;450,发现3只地鼠，点击它们就能获得金币！,15;30;50,1600,8,20,1640,80,970000,200,12400;45|12401;45,1,500177,1;100028,,1090,14,8,12400;70|12401;70|1;180000|12106;10|1;8000|12503;4|12503;6|12001;40|12106;3|6;40|12400;12|12401;9|10011;15|10021;11|12400;11|12401;11|10021;17,10010002;10,10010006;10,10010002;1,10010006;1
79,79层灰森林IX,12400;12401;1;6;12129,60,12400;70|12401;70|1;790000|12129;12,1,500078,1;79000,1;158000|12129;4,6;450,10013;4|10021;79|6;450,发现3只地鼠，点击它们就能获得金币！,15;30;50,1600,8,20,1660,80,980000,200,12400;45|12401;45,1,500178,1;100029,,1148,3,9,12400;70|12401;70|1;180000|12107;10|1;8000|12503;4|12503;6|12001;40|12107;3|6;40|12400;12|12401;9|10011;15|10021;11|12400;11|12401;11|10021;17,10010002;10,10010006;10,10010002;1,10010006;1
80,80层灰森林X,12400;12401;1;6;12111,60,12400;70|12401;70|1;800000|12111;12,1,500079,1;80000,1;160000|12111;4,6;500,10013;4|10021;80|6;500,发现3只地鼠，点击它们就能获得金币！,15;30;50,1600,8,20,1680,80,990000,200,12400;45|12401;45,1,500179,1;100030,,1028,107,10,12400;70|12401;70|1;180000|12108;10|1;8000|12503;4|12503;6|12001;40|12108;3|6;40|12400;12|12401;9|10011;15|10021;11|12400;11|12401;11|10021;17,10010002;10,10010006;10,10010002;1,10010006;1
81,81层巨龙山脉I,12400;12401;1;6;12101,65,12400;75|12401;75|1;810000|12101;15,1,500080,1;81000,1;162000|12101;5,6;500,10013;5|10021;81|6;500,发现3只地鼠，点击它们就能获得金币！,15;30;50,1800,9,20,1700,80,1000000,200,12400;50|12401;50,1,500180,1;100031,,1250,1,11,12400;75|12401;75|1;190000|12101;10|1;8000|12503;4|12503;6|12001;50|12101;3|6;45|12400;12|12401;9|10011;16|10021;12|12400;12|12401;12|10021;18,10010002;10,10010006;10,10010002;1,10010006;1
82,82层巨龙山脉II,12400;12401;1;6;12102,65,12400;75|12401;75|1;820000|12102;15,1,500081,1;82000,1;164000|12102;5,6;500,10013;5|10021;82|6;500,发现3只地鼠，点击它们就能获得金币！,15;30;50,1800,9,20,1720,80,1010000,200,12400;50|12401;50,1,500181,1;100032,,1137,102,12,12400;75|12401;75|1;190000|12102;10|1;8000|12503;4|12503;6|12001;50|12102;3|6;45|12400;12|12401;9|10011;16|10021;12|12400;12|12401;12|10021;18,10010002;10,10010006;10,10010002;1,10010006;1
83,83层巨龙山脉III,12400;12401;1;6;12103,65,12400;75|12401;75|1;830000|12103;15,1,500082,1;83000,1;166000|12103;5,6;500,10013;5|10021;83|6;500,发现3只地鼠，点击它们就能获得金币！,15;30;50,1800,9,20,1740,80,1020000,200,12400;50|12401;50,1,500182,1;100033,,1111,104,13,12400;75|12401;75|1;190000|12103;10|1;8000|12503;4|12503;6|12001;50|12103;3|6;45|12400;12|12401;9|10011;16|10021;12|12400;12|12401;12|10021;18,10010002;10,10010006;10,10010002;1,10010006;1
84,84层巨龙山脉IV,12400;12401;1;6;12104,65,12400;75|12401;75|1;840000|12104;15,1,500083,1;84000,1;168000|12104;5,6;500,10013;5|10021;84|6;500,发现3只地鼠，点击它们就能获得金币！,15;30;50,1800,9,20,1760,80,1030000,200,12400;50|12401;50,1,500183,1;100034,,1092,8,14,12400;75|12401;75|1;190000|12104;10|1;8000|12503;4|12503;6|12001;50|12104;3|6;45|12400;12|12401;9|10011;16|10021;12|12400;12|12401;12|10021;18,10010002;10,10010006;10,10010002;1,10010006;1
85,85层巨龙山脉V,12400;12401;1;6;12105,65,12400;75|12401;75|1;850000|12105;15,1,500084,1;85000,1;170000|12105;5,6;500,10013;5|10021;85|6;500,发现3只地鼠，点击它们就能获得金币！,15;30;50,1800,9,20,1780,80,1040000,200,12400;50|12401;50,1,500184,1;100035,,1048,11,15,12400;75|12401;75|1;190000|12105;10|1;8000|12503;4|12503;6|12001;50|12105;3|6;45|12400;12|12401;9|10011;16|10021;12|12400;12|12401;12|10021;18,10010002;10,10010006;10,10010002;1,10010006;1
86,86层巨龙山脉VI,12400;12401;1;6;12106,65,12400;75|12401;75|1;860000|12106;15,1,500085,1;86000,1;172000|12106;5,6;500,10013;6|10021;86|6;500,发现3只地鼠，点击它们就能获得金币！,15;30;50,1800,9,20,1800,80,1050000,200,12400;50|12401;50,1,500185,1;100036,,1101,108,16,12400;75|12401;75|1;190000|12106;10|1;8000|12503;4|12503;6|12001;50|12106;3|6;45|12400;12|12401;9|10011;16|10021;12|12400;12|12401;12|10021;19,10010002;10,10010006;10,10010002;1,10010006;1
87,87层巨龙山脉VII,12400;12401;1;6;12107,65,12400;75|12401;75|1;870000|12107;15,1,500086,1;87000,1;174000|12107;5,6;500,10013;6|10021;87|6;500,发现3只地鼠，点击它们就能获得金币！,15;30;50,1800,9,20,1820,80,1060000,200,12400;50|12401;50,1,500186,1;100037,,1140,105,17,12400;75|12401;75|1;190000|12107;10|1;8000|12503;4|12503;6|12001;50|12107;3|6;45|12400;12|12401;9|10011;16|10021;12|12400;12|12401;12|10021;19,10010002;10,10010006;10,10010002;1,10010006;1
88,88层巨龙山脉VIII,12400;12401;1;6;12108,65,12400;75|12401;75|1;880000|12108;15,1,500087,1;88000,1;176000|12108;5,6;500,10013;6|10021;88|6;500,发现3只地鼠，点击它们就能获得金币！,15;30;50,1800,9,20,1840,80,1070000,200,12400;50|12401;50,1,500187,1;100038,,1109,14,18,12400;75|12401;75|1;190000|12108;10|1;8000|12503;4|12503;6|12001;50|12108;3|6;45|12400;12|12401;9|10011;16|10021;12|12400;12|12401;12|10021;19,10010002;10,10010006;10,10010002;1,10010006;1
89,89层巨龙山脉IX,12400;12401;1;6;12109,65,12400;75|12401;75|1;890000|12109;15,1,500088,1;89000,1;178000|12109;5,6;500,10013;6|10021;89|6;500,发现3只地鼠，点击它们就能获得金币！,15;30;50,1800,9,20,1860,80,1080000,200,12400;50|12401;50,1,500188,1;100039,,1033,3,19,12400;75|12401;75|1;200000|12101;11|1;8000|12503;4|12503;6|12001;50|12101;3|6;45|12400;14|12401;10|10011;16|10021;12|12400;12|12401;12|10021;19,10010002;10,10010006;10,10010002;1,10010006;1
90,90层巨龙山脉X,12400;12401;1;6;12111,65,12400;75|12401;75|1;900000|12111;15,1,500089,1;90000,1;180000|12111;5,6;550,10013;6|10021;90|6;550,发现3只地鼠，点击它们就能获得金币！,15;30;50,1800,9,20,1880,80,1090000,200,12400;50|12401;50,1,500189,1;100040,,1135,107,20,12400;75|12401;75|1;200000|12102;11|1;8000|12503;4|12503;6|12001;50|12102;3|6;45|12400;14|12401;10|10011;16|10021;12|12400;12|12401;12|10021;19,10010002;10,10010006;10,10010002;1,10010006;1
91,91层冠军之路I,12400;12401;1;6;12121,70,12400;75|12401;75|1;910000|12121;15,1,500090,1;91000,1;182000|12121;5,6;550,10013;7|10021;91|6;550,发现3只地鼠，点击它们就能获得金币！,15;30;50,2000,10,20,1900,80,1100000,200,12400;55|12401;55,1,500190,1;100041,,1212,1,1,12400;75|12401;75|1;200000|12103;11|1;8000|12503;4|12503;6|12001;50|12103;3|6;45|12400;14|12401;10|10011;16|10021;12|12400;12|12401;12|10021;20,10010002;10,10010006;10,10010002;1,10010006;1
92,92层冠军之路II,12400;12401;1;6;12122,70,12400;75|12401;75|1;920000|12122;15,1,500091,1;92000,1;184000|12122;5,6;550,10013;7|10021;92|6;550,发现3只地鼠，点击它们就能获得金币！,15;30;50,2000,10,20,1920,80,1110000,200,12400;55|12401;55,1,500191,1;100042,,1045,102,2,12400;75|12401;75|1;200000|12104;11|1;8000|12503;4|12503;6|12001;50|12104;3|6;45|12400;14|12401;10|10011;16|10021;12|12400;12|12401;12|10021;20,10010002;10,10010006;10,10010002;1,10010006;1
93,93层冠军之路III,12400;12401;1;6;12123,70,12400;75|12401;75|1;930000|12123;15,1,500092,1;93000,1;186000|12123;5,6;550,10013;7|10021;93|6;550,发现3只地鼠，点击它们就能获得金币！,15;30;50,2000,10,20,1940,80,1120000,200,12400;55|12401;55,1,500192,1;100043,,1079,104,3,12400;75|12401;75|1;200000|12105;11|1;8000|12503;4|12503;6|12001;50|12105;3|6;45|12400;14|12401;10|10011;16|10021;12|12400;12|12401;12|10021;20,10010002;10,10010006;10,10010002;1,10010006;1
94,94层冠军之路IV,12400;12401;1;6;12124,70,12400;75|12401;75|1;940000|12124;15,1,500093,1;94000,1;188000|12124;5,6;550,10013;7|10021;94|6;550,发现3只地鼠，点击它们就能获得金币！,15;30;50,2000,10,20,1960,80,1130000,200,12400;55|12401;55,1,500193,1;100044,,1003,8,4,12400;75|12401;75|1;200000|12106;11|1;8000|12503;4|12503;6|12001;50|12106;3|6;45|12400;14|12401;10|10011;16|10021;12|12400;12|12401;12|10021;20,10010002;10,10010006;10,10010002;1,10010006;1
95,95层冠军之路V,12400;12401;1;6;12125,70,12400;75|12401;75|1;950000|12125;15,1,500094,1;95000,1;190000|12125;5,6;550,10013;7|10021;95|6;550,发现3只地鼠，点击它们就能获得金币！,15;30;50,2000,10,20,1980,80,1140000,200,12400;55|12401;55,1,500194,1;100045,,1080,11,5,12400;75|12401;75|1;200000|12107;11|1;8000|12503;4|12503;6|12001;50|12107;3|6;45|12400;14|12401;10|10011;16|10021;12|12400;12|12401;12|10021;20,10010002;10,10010006;10,10010002;1,10010006;1
96,96层冠军之路VI,12400;12401;1;6;12126,70,12400;75|12401;75|1;960000|12126;15,1,500095,1;96000,1;192000|12126;5,6;550,10013;8|10021;96|6;550,发现3只地鼠，点击它们就能获得金币！,15;30;50,2000,10,20,2000,80,1150000,200,12400;55|12401;55,1,500195,1;100046,,1106,108,6,12400;75|12401;75|1;200000|12108;11|1;8000|12503;4|12503;6|12001;50|12108;3|6;45|12400;14|12401;10|10011;16|10021;12|12400;12|12401;12|10021;21,10010002;10,10010006;10,10010002;1,10010006;1
97,97层冠军之路VII,12400;12401;1;6;12127,70,12400;80|12401;80|1;970000|12127;15,1,500096,1;97000,1;194000|12127;5,6;550,10013;8|10021;97|6;550,发现3只地鼠，点击它们就能获得金币！,15;30;50,2000,10,20,2020,80,1160000,200,12400;55|12401;55,1,500196,1;100047,,1009,105,7,12400;80|12401;80|1;220000|12101;11|1;8000|12503;4|12503;6|12001;50|12101;3|6;45|12400;14|12401;10|10011;16|10021;12|12400;12|12401;12|10021;21,10010002;10,10010006;10,10010002;1,10010006;1
98,98层冠军之路VIII,12400;12401;1;6;12128,70,12400;80|12401;80|1;980000|12128;15,1,500097,1;98000,1;196000|12128;5,6;550,10013;8|10021;98|6;550,发现3只地鼠，点击它们就能获得金币！,15;30;50,2000,10,20,2040,80,1170000,200,12400;55|12401;55,1,500197,1;100048,,1090,14,8,12400;80|12401;80|1;220000|12102;11|1;8000|12503;4|12503;6|12001;50|12102;3|6;45|12400;14|12401;10|10011;16|10021;12|12400;12|12401;12|10021;21,10010002;10,10010006;10,10010002;1,10010006;1
99,99层冠军之路IX,12400;12401;1;6;12129,70,12400;80|12401;80|1;990000|12129;15,1,500098,1;99000,1;198000|12129;5,6;550,10013;8|10021;99|6;550,发现3只地鼠，点击它们就能获得金币！,15;30;50,2000,10,20,2060,80,1180000,200,12400;55|12401;55,1,500198,1;100049,,1148,3,9,12400;80|12401;80|1;220000|12103;11|1;8000|12503;4|12503;6|12001;50|12103;3|6;45|12400;14|12401;10|10011;16|10021;12|12400;12|12401;12|10021;21,10010002;10,10010006;10,10010002;1,10010006;1
100,100层冠军之路X,12400;12401;1;6;12111,70,12400;80|12401;80|1;1000000|12111;15,1,500099,1;100000,1;200000|12111;5,6;600,10013;8|10021;100|6;600,发现3只地鼠，点击它们就能获得金币！,15;30;50,2000,10,20,2080,80,1190000,200,12400;55|12401;55,1,500199,1;100050,,1028,107,10,12400;80|12401;80|1;220000|12104;11|1;8000|12503;4|12503;6|12001;50|12104;3|6;45|12400;14|12401;10|10011;16|10021;12|12400;12|12401;12|10021;21,10010002;10,10010006;10,10010002;1,10010006;1
