阵型id引用,格子序号,血量,物攻,特攻,物防,特防,速度
number,number,double,double,double,double,double,double
id,grid,hp,atk,atkSp,def,defSp,spe
1,1,,120,,,,
1,2,,,120,,,
1,3,,,180,,,-12
1,4,,,120,,,
1,5,,120,,,,
1,6,,,180,,,-12
1,7,,,120,,,
1,8,,180,,,,-12
1,9,,120,,,,
2,1,,240,,,,
2,2,,,240,,,
2,3,,,360,,,-24
2,4,,,240,,,
2,5,,240,,,,
2,6,,,360,,,-24
2,7,,,240,,,
2,8,,360,,,,-24
2,9,,240,,,,
3,1,,360,,,,
3,2,,,360,,,
3,3,,,540,,,-36
3,4,,,360,,,
3,5,,360,,,,
3,6,,,540,,,-36
3,7,,,360,,,
3,8,,540,,,,-36
3,9,,360,,,,
4,1,,480,,,,
4,2,,,480,,,
4,3,,,720,,,-48
4,4,,,480,,,
4,5,,480,,,,
4,6,,,720,,,-48
4,7,,,480,,,
4,8,,720,,,,-48
4,9,,480,,,,
5,1,,600,,,,
5,2,,,600,,,
5,3,,,900,,,-60
5,4,,,600,,,
5,5,,600,,,,
5,6,,,900,,,-60
5,7,,,600,,,
5,8,,900,,,,-60
5,9,,600,,,,
6,1,,720,,,,
6,2,,,720,,,
6,3,,,1080,,,-72
6,4,,,720,,,
6,5,,720,,,,
6,6,,,1080,,,-72
6,7,,,720,,,
6,8,,1080,,,,-72
6,9,,720,,,,
7,1,,840,,,,
7,2,,,840,,,
7,3,,,1260,,,-84
7,4,,,840,,,
7,5,,840,,,,
7,6,,,1260,,,-84
7,7,,,840,,,
7,8,,1260,,,,-84
7,9,,840,,,,
8,1,,960,,,,
8,2,,,960,,,
8,3,,,1440,,,-96
8,4,,,960,,,
8,5,,960,,,,
8,6,,,1440,,,-96
8,7,,,960,,,
8,8,,1440,,,,-96
8,9,,960,,,,
9,1,,1080,,,,
9,2,,,1080,,,
9,3,,,1620,,,-108
9,4,,,1080,,,
9,5,,1080,,,,
9,6,,,1620,,,-108
9,7,,,1080,,,
9,8,,1620,,,,-108
9,9,,1080,,,,
10,1,,1200,,,,
10,2,,,1200,,,
10,3,,,1800,,,-120
10,4,,,1200,,,
10,5,,1200,,,,
10,6,,,1800,,,-120
10,7,,,1200,,,
10,8,,1800,,,,-120
10,9,,1200,,,,
11,1,,1320,,,,
11,2,,,1320,,,
11,3,,,1980,,,-132
11,4,,,1320,,,
11,5,,1320,,,,
11,6,,,1980,,,-132
11,7,,,1320,,,
11,8,,1980,,,,-132
11,9,,1320,,,,
12,1,,1440,,,,
12,2,,,1440,,,
12,3,,,2160,,,-144
12,4,,,1440,,,
12,5,,1440,,,,
12,6,,,2160,,,-144
12,7,,,1440,,,
12,8,,2160,,,,-144
12,9,,1440,,,,
13,1,,1560,,,,
13,2,,,1560,,,
13,3,,,2340,,,-156
13,4,,,1560,,,
13,5,,1560,,,,
13,6,,,2340,,,-156
13,7,,,1560,,,
13,8,,2340,,,,-156
13,9,,1560,,,,
14,1,,1680,,,,
14,2,,,1680,,,
14,3,,,2520,,,-168
14,4,,,1680,,,
14,5,,1680,,,,
14,6,,,2520,,,-168
14,7,,,1680,,,
14,8,,2520,,,,-168
14,9,,1680,,,,
15,1,,1800,,,,
15,2,,,1800,,,
15,3,,,2700,,,-180
15,4,,,1800,,,
15,5,,1800,,,,
15,6,,,2700,,,-180
15,7,,,1800,,,
15,8,,2700,,,,-180
15,9,,1800,,,,
16,1,,1920,,,,
16,2,,,1920,,,
16,3,,,2880,,,-192
16,4,,,1920,,,
16,5,,1920,,,,
16,6,,,2880,,,-192
16,7,,,1920,,,
16,8,,2880,,,,-192
16,9,,1920,,,,
17,1,,2040,,,,
17,2,,,2040,,,
17,3,,,3060,,,-204
17,4,,,2040,,,
17,5,,2040,,,,
17,6,,,3060,,,-204
17,7,,,2040,,,
17,8,,3060,,,,-204
17,9,,2040,,,,
18,1,,2160,,,,
18,2,,,2160,,,
18,3,,,3240,,,-216
18,4,,,2160,,,
18,5,,2160,,,,
18,6,,,3240,,,-216
18,7,,,2160,,,
18,8,,3240,,,,-216
18,9,,2160,,,,
19,1,,2280,,,,
19,2,,,2280,,,
19,3,,,3420,,,-228
19,4,,,2280,,,
19,5,,2280,,,,
19,6,,,3420,,,-228
19,7,,,2280,,,
19,8,,3420,,,,-228
19,9,,2280,,,,
20,1,,2400,,,,
20,2,,,2400,,,
20,3,,,3600,,,-240
20,4,,,2400,,,
20,5,,2400,,,,
20,6,,,3600,,,-240
20,7,,,2400,,,
20,8,,3600,,,,-240
20,9,,2400,,,,
21,1,,2520,,,,
21,2,,,2520,,,
21,3,,,3780,,,-252
21,4,,,2520,,,
21,5,,2520,,,,
21,6,,,3780,,,-252
21,7,,,2520,,,
21,8,,3780,,,,-252
21,9,,2520,,,,
22,1,,2640,,,,
22,2,,,2640,,,
22,3,,,3960,,,-264
22,4,,,2640,,,
22,5,,2640,,,,
22,6,,,3960,,,-264
22,7,,,2640,,,
22,8,,3960,,,,-264
22,9,,2640,,,,
23,1,,2760,,,,
23,2,,,2760,,,
23,3,,,4140,,,-276
23,4,,,2760,,,
23,5,,2760,,,,
23,6,,,4140,,,-276
23,7,,,2760,,,
23,8,,4140,,,,-276
23,9,,2760,,,,
24,1,,2880,,,,
24,2,,,2880,,,
24,3,,,4320,,,-288
24,4,,,2880,,,
24,5,,2880,,,,
24,6,,,4320,,,-288
24,7,,,2880,,,
24,8,,4320,,,,-288
24,9,,2880,,,,
25,1,,3000,,,,
25,2,,,3000,,,
25,3,,,4500,,,-300
25,4,,,3000,,,
25,5,,3000,,,,
25,6,,,4500,,,-300
25,7,,,3000,,,
25,8,,4500,,,,-300
25,9,,3000,,,,
26,1,,3120,,,,
26,2,,,3120,,,
26,3,,,4680,,,-312
26,4,,,3120,,,
26,5,,3120,,,,
26,6,,,4680,,,-312
26,7,,,3120,,,
26,8,,4680,,,,-312
26,9,,3120,,,,
27,1,,3240,,,,
27,2,,,3240,,,
27,3,,,4860,,,-324
27,4,,,3240,,,
27,5,,3240,,,,
27,6,,,4860,,,-324
27,7,,,3240,,,
27,8,,4860,,,,-324
27,9,,3240,,,,
28,1,,3360,,,,
28,2,,,3360,,,
28,3,,,5040,,,-336
28,4,,,3360,,,
28,5,,3360,,,,
28,6,,,5040,,,-336
28,7,,,3360,,,
28,8,,5040,,,,-336
28,9,,3360,,,,
29,1,,3480,,,,
29,2,,,3480,,,
29,3,,,5220,,,-348
29,4,,,3480,,,
29,5,,3480,,,,
29,6,,,5220,,,-348
29,7,,,3480,,,
29,8,,5220,,,,-348
29,9,,3480,,,,
30,1,,3600,,,,
30,2,,,3600,,,
30,3,,,5400,,,-360
30,4,,,3600,,,
30,5,,3600,,,,
30,6,,,5400,,,-360
30,7,,,3600,,,
30,8,,5400,,,,-360
30,9,,3600,,,,
31,1,,3720,,,,
31,2,,,3720,,,
31,3,,,5580,,,-372
31,4,,,3720,,,
31,5,,3720,,,,
31,6,,,5580,,,-372
31,7,,,3720,,,
31,8,,5580,,,,-372
31,9,,3720,,,,
32,1,,3840,,,,
32,2,,,3840,,,
32,3,,,5760,,,-384
32,4,,,3840,,,
32,5,,3840,,,,
32,6,,,5760,,,-384
32,7,,,3840,,,
32,8,,5760,,,,-384
32,9,,3840,,,,
33,1,,3960,,,,
33,2,,,3960,,,
33,3,,,5940,,,-396
33,4,,,3960,,,
33,5,,3960,,,,
33,6,,,5940,,,-396
33,7,,,3960,,,
33,8,,5940,,,,-396
33,9,,3960,,,,
34,1,,4080,,,,
34,2,,,4080,,,
34,3,,,6120,,,-408
34,4,,,4080,,,
34,5,,4080,,,,
34,6,,,6120,,,-408
34,7,,,4080,,,
34,8,,6120,,,,-408
34,9,,4080,,,,
35,1,,4200,,,,
35,2,,,4200,,,
35,3,,,6300,,,-420
35,4,,,4200,,,
35,5,,4200,,,,
35,6,,,6300,,,-420
35,7,,,4200,,,
35,8,,6300,,,,-420
35,9,,4200,,,,
36,1,,4320,,,,
36,2,,,4320,,,
36,3,,,6480,,,-432
36,4,,,4320,,,
36,5,,4320,,,,
36,6,,,6480,,,-432
36,7,,,4320,,,
36,8,,6480,,,,-432
36,9,,4320,,,,
37,1,,4440,,,,
37,2,,,4440,,,
37,3,,,6660,,,-444
37,4,,,4440,,,
37,5,,4440,,,,
37,6,,,6660,,,-444
37,7,,,4440,,,
37,8,,6660,,,,-444
37,9,,4440,,,,
38,1,,4560,,,,
38,2,,,4560,,,
38,3,,,6840,,,-456
38,4,,,4560,,,
38,5,,4560,,,,
38,6,,,6840,,,-456
38,7,,,4560,,,
38,8,,6840,,,,-456
38,9,,4560,,,,
39,1,,4680,,,,
39,2,,,4680,,,
39,3,,,7020,,,-468
39,4,,,4680,,,
39,5,,4680,,,,
39,6,,,7020,,,-468
39,7,,,4680,,,
39,8,,7020,,,,-468
39,9,,4680,,,,
40,1,,4800,,,,
40,2,,,4800,,,
40,3,,,7200,,,-480
40,4,,,4800,,,
40,5,,4800,,,,
40,6,,,7200,,,-480
40,7,,,4800,,,
40,8,,7200,,,,-480
40,9,,4800,,,,
41,1,,4920,,,,
41,2,,,4920,,,
41,3,,,7380,,,-492
41,4,,,4920,,,
41,5,,4920,,,,
41,6,,,7380,,,-492
41,7,,,4920,,,
41,8,,7380,,,,-492
41,9,,4920,,,,
42,1,,5040,,,,
42,2,,,5040,,,
42,3,,,7560,,,-504
42,4,,,5040,,,
42,5,,5040,,,,
42,6,,,7560,,,-504
42,7,,,5040,,,
42,8,,7560,,,,-504
42,9,,5040,,,,
43,1,,5160,,,,
43,2,,,5160,,,
43,3,,,7740,,,-516
43,4,,,5160,,,
43,5,,5160,,,,
43,6,,,7740,,,-516
43,7,,,5160,,,
43,8,,7740,,,,-516
43,9,,5160,,,,
44,1,,5280,,,,
44,2,,,5280,,,
44,3,,,7920,,,-528
44,4,,,5280,,,
44,5,,5280,,,,
44,6,,,7920,,,-528
44,7,,,5280,,,
44,8,,7920,,,,-528
44,9,,5280,,,,
45,1,,5400,,,,
45,2,,,5400,,,
45,3,,,8100,,,-540
45,4,,,5400,,,
45,5,,5400,,,,
45,6,,,8100,,,-540
45,7,,,5400,,,
45,8,,8100,,,,-540
45,9,,5400,,,,
46,1,,5520,,,,
46,2,,,5520,,,
46,3,,,8280,,,-552
46,4,,,5520,,,
46,5,,5520,,,,
46,6,,,8280,,,-552
46,7,,,5520,,,
46,8,,8280,,,,-552
46,9,,5520,,,,
47,1,,5640,,,,
47,2,,,5640,,,
47,3,,,8460,,,-564
47,4,,,5640,,,
47,5,,5640,,,,
47,6,,,8460,,,-564
47,7,,,5640,,,
47,8,,8460,,,,-564
47,9,,5640,,,,
48,1,,5760,,,,
48,2,,,5760,,,
48,3,,,8640,,,-576
48,4,,,5760,,,
48,5,,5760,,,,
48,6,,,8640,,,-576
48,7,,,5760,,,
48,8,,8640,,,,-576
48,9,,5760,,,,
49,1,,5880,,,,
49,2,,,5880,,,
49,3,,,8820,,,-588
49,4,,,5880,,,
49,5,,5880,,,,
49,6,,,8820,,,-588
49,7,,,5880,,,
49,8,,8820,,,,-588
49,9,,5880,,,,
50,1,,6000,,,,
50,2,,,6000,,,
50,3,,,9000,,,-600
50,4,,,6000,,,
50,5,,6000,,,,
50,6,,,9000,,,-600
50,7,,,6000,,,
50,8,,9000,,,,-600
50,9,,6000,,,,
51,1,,6120,,,,
51,2,,,6120,,,
51,3,,,9180,,,-612
51,4,,,6120,,,
51,5,,6120,,,,
51,6,,,9180,,,-612
51,7,,,6120,,,
51,8,,9180,,,,-612
51,9,,6120,,,,
52,1,,6240,,,,
52,2,,,6240,,,
52,3,,,9360,,,-624
52,4,,,6240,,,
52,5,,6240,,,,
52,6,,,9360,,,-624
52,7,,,6240,,,
52,8,,9360,,,,-624
52,9,,6240,,,,
53,1,,6360,,,,
53,2,,,6360,,,
53,3,,,9540,,,-636
53,4,,,6360,,,
53,5,,6360,,,,
53,6,,,9540,,,-636
53,7,,,6360,,,
53,8,,9540,,,,-636
53,9,,6360,,,,
54,1,,6480,,,,
54,2,,,6480,,,
54,3,,,9720,,,-648
54,4,,,6480,,,
54,5,,6480,,,,
54,6,,,9720,,,-648
54,7,,,6480,,,
54,8,,9720,,,,-648
54,9,,6480,,,,
55,1,,6600,,,,
55,2,,,6600,,,
55,3,,,9900,,,-660
55,4,,,6600,,,
55,5,,6600,,,,
55,6,,,9900,,,-660
55,7,,,6600,,,
55,8,,9900,,,,-660
55,9,,6600,,,,
56,1,,6720,,,,
56,2,,,6720,,,
56,3,,,10080,,,-672
56,4,,,6720,,,
56,5,,6720,,,,
56,6,,,10080,,,-672
56,7,,,6720,,,
56,8,,10080,,,,-672
56,9,,6720,,,,
57,1,,6840,,,,
57,2,,,6840,,,
57,3,,,10260,,,-684
57,4,,,6840,,,
57,5,,6840,,,,
57,6,,,10260,,,-684
57,7,,,6840,,,
57,8,,10260,,,,-684
57,9,,6840,,,,
58,1,,6960,,,,
58,2,,,6960,,,
58,3,,,10440,,,-696
58,4,,,6960,,,
58,5,,6960,,,,
58,6,,,10440,,,-696
58,7,,,6960,,,
58,8,,10440,,,,-696
58,9,,6960,,,,
59,1,,7080,,,,
59,2,,,7080,,,
59,3,,,10620,,,-708
59,4,,,7080,,,
59,5,,7080,,,,
59,6,,,10620,,,-708
59,7,,,7080,,,
59,8,,10620,,,,-708
59,9,,7080,,,,
60,1,,7200,,,,
60,2,,,7200,,,
60,3,,,10800,,,-720
60,4,,,7200,,,
60,5,,7200,,,,
60,6,,,10800,,,-720
60,7,,,7200,,,
60,8,,10800,,,,-720
60,9,,7200,,,,
61,1,,7320,,,,
61,2,,,7320,,,
61,3,,,10980,,,-732
61,4,,,7320,,,
61,5,,7320,,,,
61,6,,,10980,,,-732
61,7,,,7320,,,
61,8,,10980,,,,-732
61,9,,7320,,,,
62,1,,7440,,,,
62,2,,,7440,,,
62,3,,,11160,,,-744
62,4,,,7440,,,
62,5,,7440,,,,
62,6,,,11160,,,-744
62,7,,,7440,,,
62,8,,11160,,,,-744
62,9,,7440,,,,
63,1,,7560,,,,
63,2,,,7560,,,
63,3,,,11340,,,-756
63,4,,,7560,,,
63,5,,7560,,,,
63,6,,,11340,,,-756
63,7,,,7560,,,
63,8,,11340,,,,-756
63,9,,7560,,,,
64,1,,7680,,,,
64,2,,,7680,,,
64,3,,,11520,,,-768
64,4,,,7680,,,
64,5,,7680,,,,
64,6,,,11520,,,-768
64,7,,,7680,,,
64,8,,11520,,,,-768
64,9,,7680,,,,
65,1,,7800,,,,
65,2,,,7800,,,
65,3,,,11700,,,-780
65,4,,,7800,,,
65,5,,7800,,,,
65,6,,,11700,,,-780
65,7,,,7800,,,
65,8,,11700,,,,-780
65,9,,7800,,,,
66,1,,7920,,,,
66,2,,,7920,,,
66,3,,,11880,,,-792
66,4,,,7920,,,
66,5,,7920,,,,
66,6,,,11880,,,-792
66,7,,,7920,,,
66,8,,11880,,,,-792
66,9,,7920,,,,
67,1,,8040,,,,
67,2,,,8040,,,
67,3,,,12060,,,-804
67,4,,,8040,,,
67,5,,8040,,,,
67,6,,,12060,,,-804
67,7,,,8040,,,
67,8,,12060,,,,-804
67,9,,8040,,,,
68,1,,8160,,,,
68,2,,,8160,,,
68,3,,,12240,,,-816
68,4,,,8160,,,
68,5,,8160,,,,
68,6,,,12240,,,-816
68,7,,,8160,,,
68,8,,12240,,,,-816
68,9,,8160,,,,
69,1,,8280,,,,
69,2,,,8280,,,
69,3,,,12420,,,-828
69,4,,,8280,,,
69,5,,8280,,,,
69,6,,,12420,,,-828
69,7,,,8280,,,
69,8,,12420,,,,-828
69,9,,8280,,,,
70,1,,8400,,,,
70,2,,,8400,,,
70,3,,,12600,,,-840
70,4,,,8400,,,
70,5,,8400,,,,
70,6,,,12600,,,-840
70,7,,,8400,,,
70,8,,12600,,,,-840
70,9,,8400,,,,
71,1,,8520,,,,
71,2,,,8520,,,
71,3,,,12780,,,-852
71,4,,,8520,,,
71,5,,8520,,,,
71,6,,,12780,,,-852
71,7,,,8520,,,
71,8,,12780,,,,-852
71,9,,8520,,,,
72,1,,8640,,,,
72,2,,,8640,,,
72,3,,,12960,,,-864
72,4,,,8640,,,
72,5,,8640,,,,
72,6,,,12960,,,-864
72,7,,,8640,,,
72,8,,12960,,,,-864
72,9,,8640,,,,
73,1,,8760,,,,
73,2,,,8760,,,
73,3,,,13140,,,-876
73,4,,,8760,,,
73,5,,8760,,,,
73,6,,,13140,,,-876
73,7,,,8760,,,
73,8,,13140,,,,-876
73,9,,8760,,,,
74,1,,8880,,,,
74,2,,,8880,,,
74,3,,,13320,,,-888
74,4,,,8880,,,
74,5,,8880,,,,
74,6,,,13320,,,-888
74,7,,,8880,,,
74,8,,13320,,,,-888
74,9,,8880,,,,
75,1,,9000,,,,
75,2,,,9000,,,
75,3,,,13500,,,-900
75,4,,,9000,,,
75,5,,9000,,,,
75,6,,,13500,,,-900
75,7,,,9000,,,
75,8,,13500,,,,-900
75,9,,9000,,,,
76,1,,9120,,,,
76,2,,,9120,,,
76,3,,,13680,,,-912
76,4,,,9120,,,
76,5,,9120,,,,
76,6,,,13680,,,-912
76,7,,,9120,,,
76,8,,13680,,,,-912
76,9,,9120,,,,
77,1,,9240,,,,
77,2,,,9240,,,
77,3,,,13860,,,-924
77,4,,,9240,,,
77,5,,9240,,,,
77,6,,,13860,,,-924
77,7,,,9240,,,
77,8,,13860,,,,-924
77,9,,9240,,,,
78,1,,9360,,,,
78,2,,,9360,,,
78,3,,,14040,,,-936
78,4,,,9360,,,
78,5,,9360,,,,
78,6,,,14040,,,-936
78,7,,,9360,,,
78,8,,14040,,,,-936
78,9,,9360,,,,
79,1,,9480,,,,
79,2,,,9480,,,
79,3,,,14220,,,-948
79,4,,,9480,,,
79,5,,9480,,,,
79,6,,,14220,,,-948
79,7,,,9480,,,
79,8,,14220,,,,-948
79,9,,9480,,,,
80,1,,9600,,,,
80,2,,,9600,,,
80,3,,,14400,,,-960
80,4,,,9600,,,
80,5,,9600,,,,
80,6,,,14400,,,-960
80,7,,,9600,,,
80,8,,14400,,,,-960
80,9,,9600,,,,
81,1,,9720,,,,
81,2,,,9720,,,
81,3,,,14580,,,-972
81,4,,,9720,,,
81,5,,9720,,,,
81,6,,,14580,,,-972
81,7,,,9720,,,
81,8,,14580,,,,-972
81,9,,9720,,,,
82,1,,9840,,,,
82,2,,,9840,,,
82,3,,,14760,,,-984
82,4,,,9840,,,
82,5,,9840,,,,
82,6,,,14760,,,-984
82,7,,,9840,,,
82,8,,14760,,,,-984
82,9,,9840,,,,
83,1,,9960,,,,
83,2,,,9960,,,
83,3,,,14940,,,-996
83,4,,,9960,,,
83,5,,9960,,,,
83,6,,,14940,,,-996
83,7,,,9960,,,
83,8,,14940,,,,-996
83,9,,9960,,,,
84,1,,10080,,,,
84,2,,,10080,,,
84,3,,,15120,,,-1008
84,4,,,10080,,,
84,5,,10080,,,,
84,6,,,15120,,,-1008
84,7,,,10080,,,
84,8,,15120,,,,-1008
84,9,,10080,,,,
85,1,,10200,,,,
85,2,,,10200,,,
85,3,,,15300,,,-1020
85,4,,,10200,,,
85,5,,10200,,,,
85,6,,,15300,,,-1020
85,7,,,10200,,,
85,8,,15300,,,,-1020
85,9,,10200,,,,
86,1,,10320,,,,
86,2,,,10320,,,
86,3,,,15480,,,-1032
86,4,,,10320,,,
86,5,,10320,,,,
86,6,,,15480,,,-1032
86,7,,,10320,,,
86,8,,15480,,,,-1032
86,9,,10320,,,,
87,1,,10440,,,,
87,2,,,10440,,,
87,3,,,15660,,,-1044
87,4,,,10440,,,
87,5,,10440,,,,
87,6,,,15660,,,-1044
87,7,,,10440,,,
87,8,,15660,,,,-1044
87,9,,10440,,,,
88,1,,10560,,,,
88,2,,,10560,,,
88,3,,,15840,,,-1056
88,4,,,10560,,,
88,5,,10560,,,,
88,6,,,15840,,,-1056
88,7,,,10560,,,
88,8,,15840,,,,-1056
88,9,,10560,,,,
89,1,,10680,,,,
89,2,,,10680,,,
89,3,,,16020,,,-1068
89,4,,,10680,,,
89,5,,10680,,,,
89,6,,,16020,,,-1068
89,7,,,10680,,,
89,8,,16020,,,,-1068
89,9,,10680,,,,
90,1,,10800,,,,
90,2,,,10800,,,
90,3,,,16200,,,-1080
90,4,,,10800,,,
90,5,,10800,,,,
90,6,,,16200,,,-1080
90,7,,,10800,,,
90,8,,16200,,,,-1080
90,9,,10800,,,,
91,1,,10920,,,,
91,2,,,10920,,,
91,3,,,16380,,,-1092
91,4,,,10920,,,
91,5,,10920,,,,
91,6,,,16380,,,-1092
91,7,,,10920,,,
91,8,,16380,,,,-1092
91,9,,10920,,,,
92,1,,11040,,,,
92,2,,,11040,,,
92,3,,,16560,,,-1104
92,4,,,11040,,,
92,5,,11040,,,,
92,6,,,16560,,,-1104
92,7,,,11040,,,
92,8,,16560,,,,-1104
92,9,,11040,,,,
93,1,,11160,,,,
93,2,,,11160,,,
93,3,,,16740,,,-1116
93,4,,,11160,,,
93,5,,11160,,,,
93,6,,,16740,,,-1116
93,7,,,11160,,,
93,8,,16740,,,,-1116
93,9,,11160,,,,
94,1,,11280,,,,
94,2,,,11280,,,
94,3,,,16920,,,-1128
94,4,,,11280,,,
94,5,,11280,,,,
94,6,,,16920,,,-1128
94,7,,,11280,,,
94,8,,16920,,,,-1128
94,9,,11280,,,,
95,1,,11400,,,,
95,2,,,11400,,,
95,3,,,17100,,,-1140
95,4,,,11400,,,
95,5,,11400,,,,
95,6,,,17100,,,-1140
95,7,,,11400,,,
95,8,,17100,,,,-1140
95,9,,11400,,,,
96,1,,11520,,,,
96,2,,,11520,,,
96,3,,,17280,,,-1152
96,4,,,11520,,,
96,5,,11520,,,,
96,6,,,17280,,,-1152
96,7,,,11520,,,
96,8,,17280,,,,-1152
96,9,,11520,,,,
97,1,,11640,,,,
97,2,,,11640,,,
97,3,,,17460,,,-1164
97,4,,,11640,,,
97,5,,11640,,,,
97,6,,,17460,,,-1164
97,7,,,11640,,,
97,8,,17460,,,,-1164
97,9,,11640,,,,
98,1,,11760,,,,
98,2,,,11760,,,
98,3,,,17640,,,-1176
98,4,,,11760,,,
98,5,,11760,,,,
98,6,,,17640,,,-1176
98,7,,,11760,,,
98,8,,17640,,,,-1176
98,9,,11760,,,,
99,1,,11880,,,,
99,2,,,11880,,,
99,3,,,17820,,,-1188
99,4,,,11880,,,
99,5,,11880,,,,
99,6,,,17820,,,-1188
99,7,,,11880,,,
99,8,,17820,,,,-1188
99,9,,11880,,,,
100,1,,12000,,,,
100,2,,,12000,,,
100,3,,,18000,,,-1200
100,4,,,12000,,,
100,5,,12000,,,,
100,6,,,18000,,,-1200
100,7,,,12000,,,
100,8,,18000,,,,-1200
100,9,,12000,,,,
101,1,,,,240,,
101,2,,,,,240,
101,3,,,,,360,-12
101,4,,,,,240,
101,5,,,,240,,
101,6,,,,,360,-12
101,7,,,,,240,
101,8,,,,360,,-12
101,9,,,,240,,
102,1,,,,480,,
102,2,,,,,480,
102,3,,,,,720,-24
102,4,,,,,480,
102,5,,,,480,,
102,6,,,,,720,-24
102,7,,,,,480,
102,8,,,,720,,-24
102,9,,,,480,,
103,1,,,,720,,
103,2,,,,,720,
103,3,,,,,1080,-36
103,4,,,,,720,
103,5,,,,720,,
103,6,,,,,1080,-36
103,7,,,,,720,
103,8,,,,1080,,-36
103,9,,,,720,,
104,1,,,,960,,
104,2,,,,,960,
104,3,,,,,1440,-48
104,4,,,,,960,
104,5,,,,960,,
104,6,,,,,1440,-48
104,7,,,,,960,
104,8,,,,1440,,-48
104,9,,,,960,,
105,1,,,,1200,,
105,2,,,,,1200,
105,3,,,,,1800,-60
105,4,,,,,1200,
105,5,,,,1200,,
105,6,,,,,1800,-60
105,7,,,,,1200,
105,8,,,,1800,,-60
105,9,,,,1200,,
106,1,,,,1440,,
106,2,,,,,1440,
106,3,,,,,2160,-72
106,4,,,,,1440,
106,5,,,,1440,,
106,6,,,,,2160,-72
106,7,,,,,1440,
106,8,,,,2160,,-72
106,9,,,,1440,,
107,1,,,,1680,,
107,2,,,,,1680,
107,3,,,,,2520,-84
107,4,,,,,1680,
107,5,,,,1680,,
107,6,,,,,2520,-84
107,7,,,,,1680,
107,8,,,,2520,,-84
107,9,,,,1680,,
108,1,,,,1920,,
108,2,,,,,1920,
108,3,,,,,2880,-96
108,4,,,,,1920,
108,5,,,,1920,,
108,6,,,,,2880,-96
108,7,,,,,1920,
108,8,,,,2880,,-96
108,9,,,,1920,,
109,1,,,,2160,,
109,2,,,,,2160,
109,3,,,,,3240,-108
109,4,,,,,2160,
109,5,,,,2160,,
109,6,,,,,3240,-108
109,7,,,,,2160,
109,8,,,,3240,,-108
109,9,,,,2160,,
110,1,,,,2400,,
110,2,,,,,2400,
110,3,,,,,3600,-120
110,4,,,,,2400,
110,5,,,,2400,,
110,6,,,,,3600,-120
110,7,,,,,2400,
110,8,,,,3600,,-120
110,9,,,,2400,,
111,1,,,,2640,,
111,2,,,,,2640,
111,3,,,,,3960,-132
111,4,,,,,2640,
111,5,,,,2640,,
111,6,,,,,3960,-132
111,7,,,,,2640,
111,8,,,,3960,,-132
111,9,,,,2640,,
112,1,,,,2880,,
112,2,,,,,2880,
112,3,,,,,4320,-144
112,4,,,,,2880,
112,5,,,,2880,,
112,6,,,,,4320,-144
112,7,,,,,2880,
112,8,,,,4320,,-144
112,9,,,,2880,,
113,1,,,,3120,,
113,2,,,,,3120,
113,3,,,,,4680,-156
113,4,,,,,3120,
113,5,,,,3120,,
113,6,,,,,4680,-156
113,7,,,,,3120,
113,8,,,,4680,,-156
113,9,,,,3120,,
114,1,,,,3360,,
114,2,,,,,3360,
114,3,,,,,5040,-168
114,4,,,,,3360,
114,5,,,,3360,,
114,6,,,,,5040,-168
114,7,,,,,3360,
114,8,,,,5040,,-168
114,9,,,,3360,,
115,1,,,,3600,,
115,2,,,,,3600,
115,3,,,,,5400,-180
115,4,,,,,3600,
115,5,,,,3600,,
115,6,,,,,5400,-180
115,7,,,,,3600,
115,8,,,,5400,,-180
115,9,,,,3600,,
116,1,,,,3840,,
116,2,,,,,3840,
116,3,,,,,5760,-192
116,4,,,,,3840,
116,5,,,,3840,,
116,6,,,,,5760,-192
116,7,,,,,3840,
116,8,,,,5760,,-192
116,9,,,,3840,,
117,1,,,,4080,,
117,2,,,,,4080,
117,3,,,,,6120,-204
117,4,,,,,4080,
117,5,,,,4080,,
117,6,,,,,6120,-204
117,7,,,,,4080,
117,8,,,,6120,,-204
117,9,,,,4080,,
118,1,,,,4320,,
118,2,,,,,4320,
118,3,,,,,6480,-216
118,4,,,,,4320,
118,5,,,,4320,,
118,6,,,,,6480,-216
118,7,,,,,4320,
118,8,,,,6480,,-216
118,9,,,,4320,,
119,1,,,,4560,,
119,2,,,,,4560,
119,3,,,,,6840,-228
119,4,,,,,4560,
119,5,,,,4560,,
119,6,,,,,6840,-228
119,7,,,,,4560,
119,8,,,,6840,,-228
119,9,,,,4560,,
120,1,,,,4800,,
120,2,,,,,4800,
120,3,,,,,7200,-240
120,4,,,,,4800,
120,5,,,,4800,,
120,6,,,,,7200,-240
120,7,,,,,4800,
120,8,,,,7200,,-240
120,9,,,,4800,,
121,1,,,,5040,,
121,2,,,,,5040,
121,3,,,,,7560,-252
121,4,,,,,5040,
121,5,,,,5040,,
121,6,,,,,7560,-252
121,7,,,,,5040,
121,8,,,,7560,,-252
121,9,,,,5040,,
122,1,,,,5280,,
122,2,,,,,5280,
122,3,,,,,7920,-264
122,4,,,,,5280,
122,5,,,,5280,,
122,6,,,,,7920,-264
122,7,,,,,5280,
122,8,,,,7920,,-264
122,9,,,,5280,,
123,1,,,,5520,,
123,2,,,,,5520,
123,3,,,,,8280,-276
123,4,,,,,5520,
123,5,,,,5520,,
123,6,,,,,8280,-276
123,7,,,,,5520,
123,8,,,,8280,,-276
123,9,,,,5520,,
124,1,,,,5760,,
124,2,,,,,5760,
124,3,,,,,8640,-288
124,4,,,,,5760,
124,5,,,,5760,,
124,6,,,,,8640,-288
124,7,,,,,5760,
124,8,,,,8640,,-288
124,9,,,,5760,,
125,1,,,,6000,,
125,2,,,,,6000,
125,3,,,,,9000,-300
125,4,,,,,6000,
125,5,,,,6000,,
125,6,,,,,9000,-300
125,7,,,,,6000,
125,8,,,,9000,,-300
125,9,,,,6000,,
126,1,,,,6240,,
126,2,,,,,6240,
126,3,,,,,9360,-312
126,4,,,,,6240,
126,5,,,,6240,,
126,6,,,,,9360,-312
126,7,,,,,6240,
126,8,,,,9360,,-312
126,9,,,,6240,,
127,1,,,,6480,,
127,2,,,,,6480,
127,3,,,,,9720,-324
127,4,,,,,6480,
127,5,,,,6480,,
127,6,,,,,9720,-324
127,7,,,,,6480,
127,8,,,,9720,,-324
127,9,,,,6480,,
128,1,,,,6720,,
128,2,,,,,6720,
128,3,,,,,10080,-336
128,4,,,,,6720,
128,5,,,,6720,,
128,6,,,,,10080,-336
128,7,,,,,6720,
128,8,,,,10080,,-336
128,9,,,,6720,,
129,1,,,,6960,,
129,2,,,,,6960,
129,3,,,,,10440,-348
129,4,,,,,6960,
129,5,,,,6960,,
129,6,,,,,10440,-348
129,7,,,,,6960,
129,8,,,,10440,,-348
129,9,,,,6960,,
130,1,,,,7200,,
130,2,,,,,7200,
130,3,,,,,10800,-360
130,4,,,,,7200,
130,5,,,,7200,,
130,6,,,,,10800,-360
130,7,,,,,7200,
130,8,,,,10800,,-360
130,9,,,,7200,,
131,1,,,,7440,,
131,2,,,,,7440,
131,3,,,,,11160,-372
131,4,,,,,7440,
131,5,,,,7440,,
131,6,,,,,11160,-372
131,7,,,,,7440,
131,8,,,,11160,,-372
131,9,,,,7440,,
132,1,,,,7680,,
132,2,,,,,7680,
132,3,,,,,11520,-384
132,4,,,,,7680,
132,5,,,,7680,,
132,6,,,,,11520,-384
132,7,,,,,7680,
132,8,,,,11520,,-384
132,9,,,,7680,,
133,1,,,,7920,,
133,2,,,,,7920,
133,3,,,,,11880,-396
133,4,,,,,7920,
133,5,,,,7920,,
133,6,,,,,11880,-396
133,7,,,,,7920,
133,8,,,,11880,,-396
133,9,,,,7920,,
134,1,,,,8160,,
134,2,,,,,8160,
134,3,,,,,12240,-408
134,4,,,,,8160,
134,5,,,,8160,,
134,6,,,,,12240,-408
134,7,,,,,8160,
134,8,,,,12240,,-408
134,9,,,,8160,,
135,1,,,,8400,,
135,2,,,,,8400,
135,3,,,,,12600,-420
135,4,,,,,8400,
135,5,,,,8400,,
135,6,,,,,12600,-420
135,7,,,,,8400,
135,8,,,,12600,,-420
135,9,,,,8400,,
136,1,,,,8640,,
136,2,,,,,8640,
136,3,,,,,12960,-432
136,4,,,,,8640,
136,5,,,,8640,,
136,6,,,,,12960,-432
136,7,,,,,8640,
136,8,,,,12960,,-432
136,9,,,,8640,,
137,1,,,,8880,,
137,2,,,,,8880,
137,3,,,,,13320,-444
137,4,,,,,8880,
137,5,,,,8880,,
137,6,,,,,13320,-444
137,7,,,,,8880,
137,8,,,,13320,,-444
137,9,,,,8880,,
138,1,,,,9120,,
138,2,,,,,9120,
138,3,,,,,13680,-456
138,4,,,,,9120,
138,5,,,,9120,,
138,6,,,,,13680,-456
138,7,,,,,9120,
138,8,,,,13680,,-456
138,9,,,,9120,,
139,1,,,,9360,,
139,2,,,,,9360,
139,3,,,,,14040,-468
139,4,,,,,9360,
139,5,,,,9360,,
139,6,,,,,14040,-468
139,7,,,,,9360,
139,8,,,,14040,,-468
139,9,,,,9360,,
140,1,,,,9600,,
140,2,,,,,9600,
140,3,,,,,14400,-480
140,4,,,,,9600,
140,5,,,,9600,,
140,6,,,,,14400,-480
140,7,,,,,9600,
140,8,,,,14400,,-480
140,9,,,,9600,,
141,1,,,,9840,,
141,2,,,,,9840,
141,3,,,,,14760,-492
141,4,,,,,9840,
141,5,,,,9840,,
141,6,,,,,14760,-492
141,7,,,,,9840,
141,8,,,,14760,,-492
141,9,,,,9840,,
142,1,,,,10080,,
142,2,,,,,10080,
142,3,,,,,15120,-504
142,4,,,,,10080,
142,5,,,,10080,,
142,6,,,,,15120,-504
142,7,,,,,10080,
142,8,,,,15120,,-504
142,9,,,,10080,,
143,1,,,,10320,,
143,2,,,,,10320,
143,3,,,,,15480,-516
143,4,,,,,10320,
143,5,,,,10320,,
143,6,,,,,15480,-516
143,7,,,,,10320,
143,8,,,,15480,,-516
143,9,,,,10320,,
144,1,,,,10560,,
144,2,,,,,10560,
144,3,,,,,15840,-528
144,4,,,,,10560,
144,5,,,,10560,,
144,6,,,,,15840,-528
144,7,,,,,10560,
144,8,,,,15840,,-528
144,9,,,,10560,,
145,1,,,,10800,,
145,2,,,,,10800,
145,3,,,,,16200,-540
145,4,,,,,10800,
145,5,,,,10800,,
145,6,,,,,16200,-540
145,7,,,,,10800,
145,8,,,,16200,,-540
145,9,,,,10800,,
146,1,,,,11040,,
146,2,,,,,11040,
146,3,,,,,16560,-552
146,4,,,,,11040,
146,5,,,,11040,,
146,6,,,,,16560,-552
146,7,,,,,11040,
146,8,,,,16560,,-552
146,9,,,,11040,,
147,1,,,,11280,,
147,2,,,,,11280,
147,3,,,,,16920,-564
147,4,,,,,11280,
147,5,,,,11280,,
147,6,,,,,16920,-564
147,7,,,,,11280,
147,8,,,,16920,,-564
147,9,,,,11280,,
148,1,,,,11520,,
148,2,,,,,11520,
148,3,,,,,17280,-576
148,4,,,,,11520,
148,5,,,,11520,,
148,6,,,,,17280,-576
148,7,,,,,11520,
148,8,,,,17280,,-576
148,9,,,,11520,,
149,1,,,,11760,,
149,2,,,,,11760,
149,3,,,,,17640,-588
149,4,,,,,11760,
149,5,,,,11760,,
149,6,,,,,17640,-588
149,7,,,,,11760,
149,8,,,,17640,,-588
149,9,,,,11760,,
150,1,,,,12000,,
150,2,,,,,12000,
150,3,,,,,18000,-600
150,4,,,,,12000,
150,5,,,,12000,,
150,6,,,,,18000,-600
150,7,,,,,12000,
150,8,,,,18000,,-600
150,9,,,,12000,,
151,1,,,,12240,,
151,2,,,,,12240,
151,3,,,,,18360,-612
151,4,,,,,12240,
151,5,,,,12240,,
151,6,,,,,18360,-612
151,7,,,,,12240,
151,8,,,,18360,,-612
151,9,,,,12240,,
152,1,,,,12480,,
152,2,,,,,12480,
152,3,,,,,18720,-624
152,4,,,,,12480,
152,5,,,,12480,,
152,6,,,,,18720,-624
152,7,,,,,12480,
152,8,,,,18720,,-624
152,9,,,,12480,,
153,1,,,,12720,,
153,2,,,,,12720,
153,3,,,,,19080,-636
153,4,,,,,12720,
153,5,,,,12720,,
153,6,,,,,19080,-636
153,7,,,,,12720,
153,8,,,,19080,,-636
153,9,,,,12720,,
154,1,,,,12960,,
154,2,,,,,12960,
154,3,,,,,19440,-648
154,4,,,,,12960,
154,5,,,,12960,,
154,6,,,,,19440,-648
154,7,,,,,12960,
154,8,,,,19440,,-648
154,9,,,,12960,,
155,1,,,,13200,,
155,2,,,,,13200,
155,3,,,,,19800,-660
155,4,,,,,13200,
155,5,,,,13200,,
155,6,,,,,19800,-660
155,7,,,,,13200,
155,8,,,,19800,,-660
155,9,,,,13200,,
156,1,,,,13440,,
156,2,,,,,13440,
156,3,,,,,20160,-672
156,4,,,,,13440,
156,5,,,,13440,,
156,6,,,,,20160,-672
156,7,,,,,13440,
156,8,,,,20160,,-672
156,9,,,,13440,,
157,1,,,,13680,,
157,2,,,,,13680,
157,3,,,,,20520,-684
157,4,,,,,13680,
157,5,,,,13680,,
157,6,,,,,20520,-684
157,7,,,,,13680,
157,8,,,,20520,,-684
157,9,,,,13680,,
158,1,,,,13920,,
158,2,,,,,13920,
158,3,,,,,20880,-696
158,4,,,,,13920,
158,5,,,,13920,,
158,6,,,,,20880,-696
158,7,,,,,13920,
158,8,,,,20880,,-696
158,9,,,,13920,,
159,1,,,,14160,,
159,2,,,,,14160,
159,3,,,,,21240,-708
159,4,,,,,14160,
159,5,,,,14160,,
159,6,,,,,21240,-708
159,7,,,,,14160,
159,8,,,,21240,,-708
159,9,,,,14160,,
160,1,,,,14400,,
160,2,,,,,14400,
160,3,,,,,21600,-720
160,4,,,,,14400,
160,5,,,,14400,,
160,6,,,,,21600,-720
160,7,,,,,14400,
160,8,,,,21600,,-720
160,9,,,,14400,,
161,1,,,,14640,,
161,2,,,,,14640,
161,3,,,,,21960,-732
161,4,,,,,14640,
161,5,,,,14640,,
161,6,,,,,21960,-732
161,7,,,,,14640,
161,8,,,,21960,,-732
161,9,,,,14640,,
162,1,,,,14880,,
162,2,,,,,14880,
162,3,,,,,22320,-744
162,4,,,,,14880,
162,5,,,,14880,,
162,6,,,,,22320,-744
162,7,,,,,14880,
162,8,,,,22320,,-744
162,9,,,,14880,,
163,1,,,,15120,,
163,2,,,,,15120,
163,3,,,,,22680,-756
163,4,,,,,15120,
163,5,,,,15120,,
163,6,,,,,22680,-756
163,7,,,,,15120,
163,8,,,,22680,,-756
163,9,,,,15120,,
164,1,,,,15360,,
164,2,,,,,15360,
164,3,,,,,23040,-768
164,4,,,,,15360,
164,5,,,,15360,,
164,6,,,,,23040,-768
164,7,,,,,15360,
164,8,,,,23040,,-768
164,9,,,,15360,,
165,1,,,,15600,,
165,2,,,,,15600,
165,3,,,,,23400,-780
165,4,,,,,15600,
165,5,,,,15600,,
165,6,,,,,23400,-780
165,7,,,,,15600,
165,8,,,,23400,,-780
165,9,,,,15600,,
166,1,,,,15840,,
166,2,,,,,15840,
166,3,,,,,23760,-792
166,4,,,,,15840,
166,5,,,,15840,,
166,6,,,,,23760,-792
166,7,,,,,15840,
166,8,,,,23760,,-792
166,9,,,,15840,,
167,1,,,,16080,,
167,2,,,,,16080,
167,3,,,,,24120,-804
167,4,,,,,16080,
167,5,,,,16080,,
167,6,,,,,24120,-804
167,7,,,,,16080,
167,8,,,,24120,,-804
167,9,,,,16080,,
168,1,,,,16320,,
168,2,,,,,16320,
168,3,,,,,24480,-816
168,4,,,,,16320,
168,5,,,,16320,,
168,6,,,,,24480,-816
168,7,,,,,16320,
168,8,,,,24480,,-816
168,9,,,,16320,,
169,1,,,,16560,,
169,2,,,,,16560,
169,3,,,,,24840,-828
169,4,,,,,16560,
169,5,,,,16560,,
169,6,,,,,24840,-828
169,7,,,,,16560,
169,8,,,,24840,,-828
169,9,,,,16560,,
170,1,,,,16800,,
170,2,,,,,16800,
170,3,,,,,25200,-840
170,4,,,,,16800,
170,5,,,,16800,,
170,6,,,,,25200,-840
170,7,,,,,16800,
170,8,,,,25200,,-840
170,9,,,,16800,,
171,1,,,,17040,,
171,2,,,,,17040,
171,3,,,,,25560,-852
171,4,,,,,17040,
171,5,,,,17040,,
171,6,,,,,25560,-852
171,7,,,,,17040,
171,8,,,,25560,,-852
171,9,,,,17040,,
172,1,,,,17280,,
172,2,,,,,17280,
172,3,,,,,25920,-864
172,4,,,,,17280,
172,5,,,,17280,,
172,6,,,,,25920,-864
172,7,,,,,17280,
172,8,,,,25920,,-864
172,9,,,,17280,,
173,1,,,,17520,,
173,2,,,,,17520,
173,3,,,,,26280,-876
173,4,,,,,17520,
173,5,,,,17520,,
173,6,,,,,26280,-876
173,7,,,,,17520,
173,8,,,,26280,,-876
173,9,,,,17520,,
174,1,,,,17760,,
174,2,,,,,17760,
174,3,,,,,26640,-888
174,4,,,,,17760,
174,5,,,,17760,,
174,6,,,,,26640,-888
174,7,,,,,17760,
174,8,,,,26640,,-888
174,9,,,,17760,,
175,1,,,,18000,,
175,2,,,,,18000,
175,3,,,,,27000,-900
175,4,,,,,18000,
175,5,,,,18000,,
175,6,,,,,27000,-900
175,7,,,,,18000,
175,8,,,,27000,,-900
175,9,,,,18000,,
176,1,,,,18240,,
176,2,,,,,18240,
176,3,,,,,27360,-912
176,4,,,,,18240,
176,5,,,,18240,,
176,6,,,,,27360,-912
176,7,,,,,18240,
176,8,,,,27360,,-912
176,9,,,,18240,,
177,1,,,,18480,,
177,2,,,,,18480,
177,3,,,,,27720,-924
177,4,,,,,18480,
177,5,,,,18480,,
177,6,,,,,27720,-924
177,7,,,,,18480,
177,8,,,,27720,,-924
177,9,,,,18480,,
178,1,,,,18720,,
178,2,,,,,18720,
178,3,,,,,28080,-936
178,4,,,,,18720,
178,5,,,,18720,,
178,6,,,,,28080,-936
178,7,,,,,18720,
178,8,,,,28080,,-936
178,9,,,,18720,,
179,1,,,,18960,,
179,2,,,,,18960,
179,3,,,,,28440,-948
179,4,,,,,18960,
179,5,,,,18960,,
179,6,,,,,28440,-948
179,7,,,,,18960,
179,8,,,,28440,,-948
179,9,,,,18960,,
180,1,,,,19200,,
180,2,,,,,19200,
180,3,,,,,28800,-960
180,4,,,,,19200,
180,5,,,,19200,,
180,6,,,,,28800,-960
180,7,,,,,19200,
180,8,,,,28800,,-960
180,9,,,,19200,,
181,1,,,,19440,,
181,2,,,,,19440,
181,3,,,,,29160,-972
181,4,,,,,19440,
181,5,,,,19440,,
181,6,,,,,29160,-972
181,7,,,,,19440,
181,8,,,,29160,,-972
181,9,,,,19440,,
182,1,,,,19680,,
182,2,,,,,19680,
182,3,,,,,29520,-984
182,4,,,,,19680,
182,5,,,,19680,,
182,6,,,,,29520,-984
182,7,,,,,19680,
182,8,,,,29520,,-984
182,9,,,,19680,,
183,1,,,,19920,,
183,2,,,,,19920,
183,3,,,,,29880,-996
183,4,,,,,19920,
183,5,,,,19920,,
183,6,,,,,29880,-996
183,7,,,,,19920,
183,8,,,,29880,,-996
183,9,,,,19920,,
184,1,,,,20160,,
184,2,,,,,20160,
184,3,,,,,30240,-1008
184,4,,,,,20160,
184,5,,,,20160,,
184,6,,,,,30240,-1008
184,7,,,,,20160,
184,8,,,,30240,,-1008
184,9,,,,20160,,
185,1,,,,20400,,
185,2,,,,,20400,
185,3,,,,,30600,-1020
185,4,,,,,20400,
185,5,,,,20400,,
185,6,,,,,30600,-1020
185,7,,,,,20400,
185,8,,,,30600,,-1020
185,9,,,,20400,,
186,1,,,,20640,,
186,2,,,,,20640,
186,3,,,,,30960,-1032
186,4,,,,,20640,
186,5,,,,20640,,
186,6,,,,,30960,-1032
186,7,,,,,20640,
186,8,,,,30960,,-1032
186,9,,,,20640,,
187,1,,,,20880,,
187,2,,,,,20880,
187,3,,,,,31320,-1044
187,4,,,,,20880,
187,5,,,,20880,,
187,6,,,,,31320,-1044
187,7,,,,,20880,
187,8,,,,31320,,-1044
187,9,,,,20880,,
188,1,,,,21120,,
188,2,,,,,21120,
188,3,,,,,31680,-1056
188,4,,,,,21120,
188,5,,,,21120,,
188,6,,,,,31680,-1056
188,7,,,,,21120,
188,8,,,,31680,,-1056
188,9,,,,21120,,
189,1,,,,21360,,
189,2,,,,,21360,
189,3,,,,,32040,-1068
189,4,,,,,21360,
189,5,,,,21360,,
189,6,,,,,32040,-1068
189,7,,,,,21360,
189,8,,,,32040,,-1068
189,9,,,,21360,,
190,1,,,,21600,,
190,2,,,,,21600,
190,3,,,,,32400,-1080
190,4,,,,,21600,
190,5,,,,21600,,
190,6,,,,,32400,-1080
190,7,,,,,21600,
190,8,,,,32400,,-1080
190,9,,,,21600,,
191,1,,,,21840,,
191,2,,,,,21840,
191,3,,,,,32760,-1092
191,4,,,,,21840,
191,5,,,,21840,,
191,6,,,,,32760,-1092
191,7,,,,,21840,
191,8,,,,32760,,-1092
191,9,,,,21840,,
192,1,,,,22080,,
192,2,,,,,22080,
192,3,,,,,33120,-1104
192,4,,,,,22080,
192,5,,,,22080,,
192,6,,,,,33120,-1104
192,7,,,,,22080,
192,8,,,,33120,,-1104
192,9,,,,22080,,
193,1,,,,22320,,
193,2,,,,,22320,
193,3,,,,,33480,-1116
193,4,,,,,22320,
193,5,,,,22320,,
193,6,,,,,33480,-1116
193,7,,,,,22320,
193,8,,,,33480,,-1116
193,9,,,,22320,,
194,1,,,,22560,,
194,2,,,,,22560,
194,3,,,,,33840,-1128
194,4,,,,,22560,
194,5,,,,22560,,
194,6,,,,,33840,-1128
194,7,,,,,22560,
194,8,,,,33840,,-1128
194,9,,,,22560,,
195,1,,,,22800,,
195,2,,,,,22800,
195,3,,,,,34200,-1140
195,4,,,,,22800,
195,5,,,,22800,,
195,6,,,,,34200,-1140
195,7,,,,,22800,
195,8,,,,34200,,-1140
195,9,,,,22800,,
196,1,,,,23040,,
196,2,,,,,23040,
196,3,,,,,34560,-1152
196,4,,,,,23040,
196,5,,,,23040,,
196,6,,,,,34560,-1152
196,7,,,,,23040,
196,8,,,,34560,,-1152
196,9,,,,23040,,
197,1,,,,23280,,
197,2,,,,,23280,
197,3,,,,,34920,-1164
197,4,,,,,23280,
197,5,,,,23280,,
197,6,,,,,34920,-1164
197,7,,,,,23280,
197,8,,,,34920,,-1164
197,9,,,,23280,,
198,1,,,,23520,,
198,2,,,,,23520,
198,3,,,,,35280,-1176
198,4,,,,,23520,
198,5,,,,23520,,
198,6,,,,,35280,-1176
198,7,,,,,23520,
198,8,,,,35280,,-1176
198,9,,,,23520,,
199,1,,,,23760,,
199,2,,,,,23760,
199,3,,,,,35640,-1188
199,4,,,,,23760,
199,5,,,,23760,,
199,6,,,,,35640,-1188
199,7,,,,,23760,
199,8,,,,35640,,-1188
199,9,,,,23760,,
200,1,,,,24000,,
200,2,,,,,24000,
200,3,,,,,36000,-1200
200,4,,,,,24000,
200,5,,,,24000,,
200,6,,,,,36000,-1200
200,7,,,,,24000,
200,8,,,,36000,,-1200
200,9,,,,24000,,
201,1,,60,,,,6
201,2,,,60,,,6
201,3,,,,,,12
201,4,,,60,,,6
201,5,,60,,,,6
201,6,,,,,,12
201,7,,,60,,,6
201,8,,,,,,12
201,9,,60,,,,6
202,1,,120,,,,12
202,2,,,120,,,12
202,3,,,,,,24
202,4,,,120,,,12
202,5,,120,,,,12
202,6,,,,,,24
202,7,,,120,,,12
202,8,,,,,,24
202,9,,120,,,,12
203,1,,180,,,,18
203,2,,,180,,,18
203,3,,,,,,36
203,4,,,180,,,18
203,5,,180,,,,18
203,6,,,,,,36
203,7,,,180,,,18
203,8,,,,,,36
203,9,,180,,,,18
204,1,,240,,,,24
204,2,,,240,,,24
204,3,,,,,,48
204,4,,,240,,,24
204,5,,240,,,,24
204,6,,,,,,48
204,7,,,240,,,24
204,8,,,,,,48
204,9,,240,,,,24
205,1,,300,,,,30
205,2,,,300,,,30
205,3,,,,,,60
205,4,,,300,,,30
205,5,,300,,,,30
205,6,,,,,,60
205,7,,,300,,,30
205,8,,,,,,60
205,9,,300,,,,30
206,1,,360,,,,36
206,2,,,360,,,36
206,3,,,,,,72
206,4,,,360,,,36
206,5,,360,,,,36
206,6,,,,,,72
206,7,,,360,,,36
206,8,,,,,,72
206,9,,360,,,,36
207,1,,420,,,,42
207,2,,,420,,,42
207,3,,,,,,84
207,4,,,420,,,42
207,5,,420,,,,42
207,6,,,,,,84
207,7,,,420,,,42
207,8,,,,,,84
207,9,,420,,,,42
208,1,,480,,,,48
208,2,,,480,,,48
208,3,,,,,,96
208,4,,,480,,,48
208,5,,480,,,,48
208,6,,,,,,96
208,7,,,480,,,48
208,8,,,,,,96
208,9,,480,,,,48
209,1,,540,,,,54
209,2,,,540,,,54
209,3,,,,,,108
209,4,,,540,,,54
209,5,,540,,,,54
209,6,,,,,,108
209,7,,,540,,,54
209,8,,,,,,108
209,9,,540,,,,54
210,1,,600,,,,60
210,2,,,600,,,60
210,3,,,,,,120
210,4,,,600,,,60
210,5,,600,,,,60
210,6,,,,,,120
210,7,,,600,,,60
210,8,,,,,,120
210,9,,600,,,,60
211,1,,660,,,,66
211,2,,,660,,,66
211,3,,,,,,132
211,4,,,660,,,66
211,5,,660,,,,66
211,6,,,,,,132
211,7,,,660,,,66
211,8,,,,,,132
211,9,,660,,,,66
212,1,,720,,,,72
212,2,,,720,,,72
212,3,,,,,,144
212,4,,,720,,,72
212,5,,720,,,,72
212,6,,,,,,144
212,7,,,720,,,72
212,8,,,,,,144
212,9,,720,,,,72
213,1,,780,,,,78
213,2,,,780,,,78
213,3,,,,,,156
213,4,,,780,,,78
213,5,,780,,,,78
213,6,,,,,,156
213,7,,,780,,,78
213,8,,,,,,156
213,9,,780,,,,78
214,1,,840,,,,84
214,2,,,840,,,84
214,3,,,,,,168
214,4,,,840,,,84
214,5,,840,,,,84
214,6,,,,,,168
214,7,,,840,,,84
214,8,,,,,,168
214,9,,840,,,,84
215,1,,900,,,,90
215,2,,,900,,,90
215,3,,,,,,180
215,4,,,900,,,90
215,5,,900,,,,90
215,6,,,,,,180
215,7,,,900,,,90
215,8,,,,,,180
215,9,,900,,,,90
216,1,,960,,,,96
216,2,,,960,,,96
216,3,,,,,,192
216,4,,,960,,,96
216,5,,960,,,,96
216,6,,,,,,192
216,7,,,960,,,96
216,8,,,,,,192
216,9,,960,,,,96
217,1,,1020,,,,102
217,2,,,1020,,,102
217,3,,,,,,204
217,4,,,1020,,,102
217,5,,1020,,,,102
217,6,,,,,,204
217,7,,,1020,,,102
217,8,,,,,,204
217,9,,1020,,,,102
218,1,,1080,,,,108
218,2,,,1080,,,108
218,3,,,,,,216
218,4,,,1080,,,108
218,5,,1080,,,,108
218,6,,,,,,216
218,7,,,1080,,,108
218,8,,,,,,216
218,9,,1080,,,,108
219,1,,1140,,,,114
219,2,,,1140,,,114
219,3,,,,,,228
219,4,,,1140,,,114
219,5,,1140,,,,114
219,6,,,,,,228
219,7,,,1140,,,114
219,8,,,,,,228
219,9,,1140,,,,114
220,1,,1200,,,,120
220,2,,,1200,,,120
220,3,,,,,,240
220,4,,,1200,,,120
220,5,,1200,,,,120
220,6,,,,,,240
220,7,,,1200,,,120
220,8,,,,,,240
220,9,,1200,,,,120
221,1,,1260,,,,126
221,2,,,1260,,,126
221,3,,,,,,252
221,4,,,1260,,,126
221,5,,1260,,,,126
221,6,,,,,,252
221,7,,,1260,,,126
221,8,,,,,,252
221,9,,1260,,,,126
222,1,,1320,,,,132
222,2,,,1320,,,132
222,3,,,,,,264
222,4,,,1320,,,132
222,5,,1320,,,,132
222,6,,,,,,264
222,7,,,1320,,,132
222,8,,,,,,264
222,9,,1320,,,,132
223,1,,1380,,,,138
223,2,,,1380,,,138
223,3,,,,,,276
223,4,,,1380,,,138
223,5,,1380,,,,138
223,6,,,,,,276
223,7,,,1380,,,138
223,8,,,,,,276
223,9,,1380,,,,138
224,1,,1440,,,,144
224,2,,,1440,,,144
224,3,,,,,,288
224,4,,,1440,,,144
224,5,,1440,,,,144
224,6,,,,,,288
224,7,,,1440,,,144
224,8,,,,,,288
224,9,,1440,,,,144
225,1,,1500,,,,150
225,2,,,1500,,,150
225,3,,,,,,300
225,4,,,1500,,,150
225,5,,1500,,,,150
225,6,,,,,,300
225,7,,,1500,,,150
225,8,,,,,,300
225,9,,1500,,,,150
226,1,,1560,,,,156
226,2,,,1560,,,156
226,3,,,,,,312
226,4,,,1560,,,156
226,5,,1560,,,,156
226,6,,,,,,312
226,7,,,1560,,,156
226,8,,,,,,312
226,9,,1560,,,,156
227,1,,1620,,,,162
227,2,,,1620,,,162
227,3,,,,,,324
227,4,,,1620,,,162
227,5,,1620,,,,162
227,6,,,,,,324
227,7,,,1620,,,162
227,8,,,,,,324
227,9,,1620,,,,162
228,1,,1680,,,,168
228,2,,,1680,,,168
228,3,,,,,,336
228,4,,,1680,,,168
228,5,,1680,,,,168
228,6,,,,,,336
228,7,,,1680,,,168
228,8,,,,,,336
228,9,,1680,,,,168
229,1,,1740,,,,174
229,2,,,1740,,,174
229,3,,,,,,348
229,4,,,1740,,,174
229,5,,1740,,,,174
229,6,,,,,,348
229,7,,,1740,,,174
229,8,,,,,,348
229,9,,1740,,,,174
230,1,,1800,,,,180
230,2,,,1800,,,180
230,3,,,,,,360
230,4,,,1800,,,180
230,5,,1800,,,,180
230,6,,,,,,360
230,7,,,1800,,,180
230,8,,,,,,360
230,9,,1800,,,,180
231,1,,1860,,,,186
231,2,,,1860,,,186
231,3,,,,,,372
231,4,,,1860,,,186
231,5,,1860,,,,186
231,6,,,,,,372
231,7,,,1860,,,186
231,8,,,,,,372
231,9,,1860,,,,186
232,1,,1920,,,,192
232,2,,,1920,,,192
232,3,,,,,,384
232,4,,,1920,,,192
232,5,,1920,,,,192
232,6,,,,,,384
232,7,,,1920,,,192
232,8,,,,,,384
232,9,,1920,,,,192
233,1,,1980,,,,198
233,2,,,1980,,,198
233,3,,,,,,396
233,4,,,1980,,,198
233,5,,1980,,,,198
233,6,,,,,,396
233,7,,,1980,,,198
233,8,,,,,,396
233,9,,1980,,,,198
234,1,,2040,,,,204
234,2,,,2040,,,204
234,3,,,,,,408
234,4,,,2040,,,204
234,5,,2040,,,,204
234,6,,,,,,408
234,7,,,2040,,,204
234,8,,,,,,408
234,9,,2040,,,,204
235,1,,2100,,,,210
235,2,,,2100,,,210
235,3,,,,,,420
235,4,,,2100,,,210
235,5,,2100,,,,210
235,6,,,,,,420
235,7,,,2100,,,210
235,8,,,,,,420
235,9,,2100,,,,210
236,1,,2160,,,,216
236,2,,,2160,,,216
236,3,,,,,,432
236,4,,,2160,,,216
236,5,,2160,,,,216
236,6,,,,,,432
236,7,,,2160,,,216
236,8,,,,,,432
236,9,,2160,,,,216
237,1,,2220,,,,222
237,2,,,2220,,,222
237,3,,,,,,444
237,4,,,2220,,,222
237,5,,2220,,,,222
237,6,,,,,,444
237,7,,,2220,,,222
237,8,,,,,,444
237,9,,2220,,,,222
238,1,,2280,,,,228
238,2,,,2280,,,228
238,3,,,,,,456
238,4,,,2280,,,228
238,5,,2280,,,,228
238,6,,,,,,456
238,7,,,2280,,,228
238,8,,,,,,456
238,9,,2280,,,,228
239,1,,2340,,,,234
239,2,,,2340,,,234
239,3,,,,,,468
239,4,,,2340,,,234
239,5,,2340,,,,234
239,6,,,,,,468
239,7,,,2340,,,234
239,8,,,,,,468
239,9,,2340,,,,234
240,1,,2400,,,,240
240,2,,,2400,,,240
240,3,,,,,,480
240,4,,,2400,,,240
240,5,,2400,,,,240
240,6,,,,,,480
240,7,,,2400,,,240
240,8,,,,,,480
240,9,,2400,,,,240
241,1,,2460,,,,246
241,2,,,2460,,,246
241,3,,,,,,492
241,4,,,2460,,,246
241,5,,2460,,,,246
241,6,,,,,,492
241,7,,,2460,,,246
241,8,,,,,,492
241,9,,2460,,,,246
242,1,,2520,,,,252
242,2,,,2520,,,252
242,3,,,,,,504
242,4,,,2520,,,252
242,5,,2520,,,,252
242,6,,,,,,504
242,7,,,2520,,,252
242,8,,,,,,504
242,9,,2520,,,,252
243,1,,2580,,,,258
243,2,,,2580,,,258
243,3,,,,,,516
243,4,,,2580,,,258
243,5,,2580,,,,258
243,6,,,,,,516
243,7,,,2580,,,258
243,8,,,,,,516
243,9,,2580,,,,258
244,1,,2640,,,,264
244,2,,,2640,,,264
244,3,,,,,,528
244,4,,,2640,,,264
244,5,,2640,,,,264
244,6,,,,,,528
244,7,,,2640,,,264
244,8,,,,,,528
244,9,,2640,,,,264
245,1,,2700,,,,270
245,2,,,2700,,,270
245,3,,,,,,540
245,4,,,2700,,,270
245,5,,2700,,,,270
245,6,,,,,,540
245,7,,,2700,,,270
245,8,,,,,,540
245,9,,2700,,,,270
246,1,,2760,,,,276
246,2,,,2760,,,276
246,3,,,,,,552
246,4,,,2760,,,276
246,5,,2760,,,,276
246,6,,,,,,552
246,7,,,2760,,,276
246,8,,,,,,552
246,9,,2760,,,,276
247,1,,2820,,,,282
247,2,,,2820,,,282
247,3,,,,,,564
247,4,,,2820,,,282
247,5,,2820,,,,282
247,6,,,,,,564
247,7,,,2820,,,282
247,8,,,,,,564
247,9,,2820,,,,282
248,1,,2880,,,,288
248,2,,,2880,,,288
248,3,,,,,,576
248,4,,,2880,,,288
248,5,,2880,,,,288
248,6,,,,,,576
248,7,,,2880,,,288
248,8,,,,,,576
248,9,,2880,,,,288
249,1,,2940,,,,294
249,2,,,2940,,,294
249,3,,,,,,588
249,4,,,2940,,,294
249,5,,2940,,,,294
249,6,,,,,,588
249,7,,,2940,,,294
249,8,,,,,,588
249,9,,2940,,,,294
250,1,,3000,,,,300
250,2,,,3000,,,300
250,3,,,,,,600
250,4,,,3000,,,300
250,5,,3000,,,,300
250,6,,,,,,600
250,7,,,3000,,,300
250,8,,,,,,600
250,9,,3000,,,,300
251,1,,3060,,,,306
251,2,,,3060,,,306
251,3,,,,,,612
251,4,,,3060,,,306
251,5,,3060,,,,306
251,6,,,,,,612
251,7,,,3060,,,306
251,8,,,,,,612
251,9,,3060,,,,306
252,1,,3120,,,,312
252,2,,,3120,,,312
252,3,,,,,,624
252,4,,,3120,,,312
252,5,,3120,,,,312
252,6,,,,,,624
252,7,,,3120,,,312
252,8,,,,,,624
252,9,,3120,,,,312
253,1,,3180,,,,318
253,2,,,3180,,,318
253,3,,,,,,636
253,4,,,3180,,,318
253,5,,3180,,,,318
253,6,,,,,,636
253,7,,,3180,,,318
253,8,,,,,,636
253,9,,3180,,,,318
254,1,,3240,,,,324
254,2,,,3240,,,324
254,3,,,,,,648
254,4,,,3240,,,324
254,5,,3240,,,,324
254,6,,,,,,648
254,7,,,3240,,,324
254,8,,,,,,648
254,9,,3240,,,,324
255,1,,3300,,,,330
255,2,,,3300,,,330
255,3,,,,,,660
255,4,,,3300,,,330
255,5,,3300,,,,330
255,6,,,,,,660
255,7,,,3300,,,330
255,8,,,,,,660
255,9,,3300,,,,330
256,1,,3360,,,,336
256,2,,,3360,,,336
256,3,,,,,,672
256,4,,,3360,,,336
256,5,,3360,,,,336
256,6,,,,,,672
256,7,,,3360,,,336
256,8,,,,,,672
256,9,,3360,,,,336
257,1,,3420,,,,342
257,2,,,3420,,,342
257,3,,,,,,684
257,4,,,3420,,,342
257,5,,3420,,,,342
257,6,,,,,,684
257,7,,,3420,,,342
257,8,,,,,,684
257,9,,3420,,,,342
258,1,,3480,,,,348
258,2,,,3480,,,348
258,3,,,,,,696
258,4,,,3480,,,348
258,5,,3480,,,,348
258,6,,,,,,696
258,7,,,3480,,,348
258,8,,,,,,696
258,9,,3480,,,,348
259,1,,3540,,,,354
259,2,,,3540,,,354
259,3,,,,,,708
259,4,,,3540,,,354
259,5,,3540,,,,354
259,6,,,,,,708
259,7,,,3540,,,354
259,8,,,,,,708
259,9,,3540,,,,354
260,1,,3600,,,,360
260,2,,,3600,,,360
260,3,,,,,,720
260,4,,,3600,,,360
260,5,,3600,,,,360
260,6,,,,,,720
260,7,,,3600,,,360
260,8,,,,,,720
260,9,,3600,,,,360
261,1,,3660,,,,366
261,2,,,3660,,,366
261,3,,,,,,732
261,4,,,3660,,,366
261,5,,3660,,,,366
261,6,,,,,,732
261,7,,,3660,,,366
261,8,,,,,,732
261,9,,3660,,,,366
262,1,,3720,,,,372
262,2,,,3720,,,372
262,3,,,,,,744
262,4,,,3720,,,372
262,5,,3720,,,,372
262,6,,,,,,744
262,7,,,3720,,,372
262,8,,,,,,744
262,9,,3720,,,,372
263,1,,3780,,,,378
263,2,,,3780,,,378
263,3,,,,,,756
263,4,,,3780,,,378
263,5,,3780,,,,378
263,6,,,,,,756
263,7,,,3780,,,378
263,8,,,,,,756
263,9,,3780,,,,378
264,1,,3840,,,,384
264,2,,,3840,,,384
264,3,,,,,,768
264,4,,,3840,,,384
264,5,,3840,,,,384
264,6,,,,,,768
264,7,,,3840,,,384
264,8,,,,,,768
264,9,,3840,,,,384
265,1,,3900,,,,390
265,2,,,3900,,,390
265,3,,,,,,780
265,4,,,3900,,,390
265,5,,3900,,,,390
265,6,,,,,,780
265,7,,,3900,,,390
265,8,,,,,,780
265,9,,3900,,,,390
266,1,,3960,,,,396
266,2,,,3960,,,396
266,3,,,,,,792
266,4,,,3960,,,396
266,5,,3960,,,,396
266,6,,,,,,792
266,7,,,3960,,,396
266,8,,,,,,792
266,9,,3960,,,,396
267,1,,4020,,,,402
267,2,,,4020,,,402
267,3,,,,,,804
267,4,,,4020,,,402
267,5,,4020,,,,402
267,6,,,,,,804
267,7,,,4020,,,402
267,8,,,,,,804
267,9,,4020,,,,402
268,1,,4080,,,,408
268,2,,,4080,,,408
268,3,,,,,,816
268,4,,,4080,,,408
268,5,,4080,,,,408
268,6,,,,,,816
268,7,,,4080,,,408
268,8,,,,,,816
268,9,,4080,,,,408
269,1,,4140,,,,414
269,2,,,4140,,,414
269,3,,,,,,828
269,4,,,4140,,,414
269,5,,4140,,,,414
269,6,,,,,,828
269,7,,,4140,,,414
269,8,,,,,,828
269,9,,4140,,,,414
270,1,,4200,,,,420
270,2,,,4200,,,420
270,3,,,,,,840
270,4,,,4200,,,420
270,5,,4200,,,,420
270,6,,,,,,840
270,7,,,4200,,,420
270,8,,,,,,840
270,9,,4200,,,,420
271,1,,4260,,,,426
271,2,,,4260,,,426
271,3,,,,,,852
271,4,,,4260,,,426
271,5,,4260,,,,426
271,6,,,,,,852
271,7,,,4260,,,426
271,8,,,,,,852
271,9,,4260,,,,426
272,1,,4320,,,,432
272,2,,,4320,,,432
272,3,,,,,,864
272,4,,,4320,,,432
272,5,,4320,,,,432
272,6,,,,,,864
272,7,,,4320,,,432
272,8,,,,,,864
272,9,,4320,,,,432
273,1,,4380,,,,438
273,2,,,4380,,,438
273,3,,,,,,876
273,4,,,4380,,,438
273,5,,4380,,,,438
273,6,,,,,,876
273,7,,,4380,,,438
273,8,,,,,,876
273,9,,4380,,,,438
274,1,,4440,,,,444
274,2,,,4440,,,444
274,3,,,,,,888
274,4,,,4440,,,444
274,5,,4440,,,,444
274,6,,,,,,888
274,7,,,4440,,,444
274,8,,,,,,888
274,9,,4440,,,,444
275,1,,4500,,,,450
275,2,,,4500,,,450
275,3,,,,,,900
275,4,,,4500,,,450
275,5,,4500,,,,450
275,6,,,,,,900
275,7,,,4500,,,450
275,8,,,,,,900
275,9,,4500,,,,450
276,1,,4560,,,,456
276,2,,,4560,,,456
276,3,,,,,,912
276,4,,,4560,,,456
276,5,,4560,,,,456
276,6,,,,,,912
276,7,,,4560,,,456
276,8,,,,,,912
276,9,,4560,,,,456
277,1,,4620,,,,462
277,2,,,4620,,,462
277,3,,,,,,924
277,4,,,4620,,,462
277,5,,4620,,,,462
277,6,,,,,,924
277,7,,,4620,,,462
277,8,,,,,,924
277,9,,4620,,,,462
278,1,,4680,,,,468
278,2,,,4680,,,468
278,3,,,,,,936
278,4,,,4680,,,468
278,5,,4680,,,,468
278,6,,,,,,936
278,7,,,4680,,,468
278,8,,,,,,936
278,9,,4680,,,,468
279,1,,4740,,,,474
279,2,,,4740,,,474
279,3,,,,,,948
279,4,,,4740,,,474
279,5,,4740,,,,474
279,6,,,,,,948
279,7,,,4740,,,474
279,8,,,,,,948
279,9,,4740,,,,474
280,1,,4800,,,,480
280,2,,,4800,,,480
280,3,,,,,,960
280,4,,,4800,,,480
280,5,,4800,,,,480
280,6,,,,,,960
280,7,,,4800,,,480
280,8,,,,,,960
280,9,,4800,,,,480
281,1,,4860,,,,486
281,2,,,4860,,,486
281,3,,,,,,972
281,4,,,4860,,,486
281,5,,4860,,,,486
281,6,,,,,,972
281,7,,,4860,,,486
281,8,,,,,,972
281,9,,4860,,,,486
282,1,,4920,,,,492
282,2,,,4920,,,492
282,3,,,,,,984
282,4,,,4920,,,492
282,5,,4920,,,,492
282,6,,,,,,984
282,7,,,4920,,,492
282,8,,,,,,984
282,9,,4920,,,,492
283,1,,4980,,,,498
283,2,,,4980,,,498
283,3,,,,,,996
283,4,,,4980,,,498
283,5,,4980,,,,498
283,6,,,,,,996
283,7,,,4980,,,498
283,8,,,,,,996
283,9,,4980,,,,498
284,1,,5040,,,,504
284,2,,,5040,,,504
284,3,,,,,,1008
284,4,,,5040,,,504
284,5,,5040,,,,504
284,6,,,,,,1008
284,7,,,5040,,,504
284,8,,,,,,1008
284,9,,5040,,,,504
285,1,,5100,,,,510
285,2,,,5100,,,510
285,3,,,,,,1020
285,4,,,5100,,,510
285,5,,5100,,,,510
285,6,,,,,,1020
285,7,,,5100,,,510
285,8,,,,,,1020
285,9,,5100,,,,510
286,1,,5160,,,,516
286,2,,,5160,,,516
286,3,,,,,,1032
286,4,,,5160,,,516
286,5,,5160,,,,516
286,6,,,,,,1032
286,7,,,5160,,,516
286,8,,,,,,1032
286,9,,5160,,,,516
287,1,,5220,,,,522
287,2,,,5220,,,522
287,3,,,,,,1044
287,4,,,5220,,,522
287,5,,5220,,,,522
287,6,,,,,,1044
287,7,,,5220,,,522
287,8,,,,,,1044
287,9,,5220,,,,522
288,1,,5280,,,,528
288,2,,,5280,,,528
288,3,,,,,,1056
288,4,,,5280,,,528
288,5,,5280,,,,528
288,6,,,,,,1056
288,7,,,5280,,,528
288,8,,,,,,1056
288,9,,5280,,,,528
289,1,,5340,,,,534
289,2,,,5340,,,534
289,3,,,,,,1068
289,4,,,5340,,,534
289,5,,5340,,,,534
289,6,,,,,,1068
289,7,,,5340,,,534
289,8,,,,,,1068
289,9,,5340,,,,534
290,1,,5400,,,,540
290,2,,,5400,,,540
290,3,,,,,,1080
290,4,,,5400,,,540
290,5,,5400,,,,540
290,6,,,,,,1080
290,7,,,5400,,,540
290,8,,,,,,1080
290,9,,5400,,,,540
291,1,,5460,,,,546
291,2,,,5460,,,546
291,3,,,,,,1092
291,4,,,5460,,,546
291,5,,5460,,,,546
291,6,,,,,,1092
291,7,,,5460,,,546
291,8,,,,,,1092
291,9,,5460,,,,546
292,1,,5520,,,,552
292,2,,,5520,,,552
292,3,,,,,,1104
292,4,,,5520,,,552
292,5,,5520,,,,552
292,6,,,,,,1104
292,7,,,5520,,,552
292,8,,,,,,1104
292,9,,5520,,,,552
293,1,,5580,,,,558
293,2,,,5580,,,558
293,3,,,,,,1116
293,4,,,5580,,,558
293,5,,5580,,,,558
293,6,,,,,,1116
293,7,,,5580,,,558
293,8,,,,,,1116
293,9,,5580,,,,558
294,1,,5640,,,,564
294,2,,,5640,,,564
294,3,,,,,,1128
294,4,,,5640,,,564
294,5,,5640,,,,564
294,6,,,,,,1128
294,7,,,5640,,,564
294,8,,,,,,1128
294,9,,5640,,,,564
295,1,,5700,,,,570
295,2,,,5700,,,570
295,3,,,,,,1140
295,4,,,5700,,,570
295,5,,5700,,,,570
295,6,,,,,,1140
295,7,,,5700,,,570
295,8,,,,,,1140
295,9,,5700,,,,570
296,1,,5760,,,,576
296,2,,,5760,,,576
296,3,,,,,,1152
296,4,,,5760,,,576
296,5,,5760,,,,576
296,6,,,,,,1152
296,7,,,5760,,,576
296,8,,,,,,1152
296,9,,5760,,,,576
297,1,,5820,,,,582
297,2,,,5820,,,582
297,3,,,,,,1164
297,4,,,5820,,,582
297,5,,5820,,,,582
297,6,,,,,,1164
297,7,,,5820,,,582
297,8,,,,,,1164
297,9,,5820,,,,582
298,1,,5880,,,,588
298,2,,,5880,,,588
298,3,,,,,,1176
298,4,,,5880,,,588
298,5,,5880,,,,588
298,6,,,,,,1176
298,7,,,5880,,,588
298,8,,,,,,1176
298,9,,5880,,,,588
299,1,,5940,,,,594
299,2,,,5940,,,594
299,3,,,,,,1188
299,4,,,5940,,,594
299,5,,5940,,,,594
299,6,,,,,,1188
299,7,,,5940,,,594
299,8,,,,,,1188
299,9,,5940,,,,594
300,1,,6000,,,,600
300,2,,,6000,,,600
300,3,,,,,,1200
300,4,,,6000,,,600
300,5,,6000,,,,600
300,6,,,,,,1200
300,7,,,6000,,,600
300,8,,,,,,1200
300,9,,6000,,,,600
301,1,,,,120,,6
301,2,,,,,120,6
301,3,,,,,,12
301,4,,,,,120,6
301,5,,,,120,,6
301,6,,,,,,12
301,7,,,,,120,6
301,8,,,,,,12
301,9,,,,120,,6
302,1,,,,240,,12
302,2,,,,,240,12
302,3,,,,,,24
302,4,,,,,240,12
302,5,,,,240,,12
302,6,,,,,,24
302,7,,,,,240,12
302,8,,,,,,24
302,9,,,,240,,12
303,1,,,,360,,18
303,2,,,,,360,18
303,3,,,,,,36
303,4,,,,,360,18
303,5,,,,360,,18
303,6,,,,,,36
303,7,,,,,360,18
303,8,,,,,,36
303,9,,,,360,,18
304,1,,,,480,,24
304,2,,,,,480,24
304,3,,,,,,48
304,4,,,,,480,24
304,5,,,,480,,24
304,6,,,,,,48
304,7,,,,,480,24
304,8,,,,,,48
304,9,,,,480,,24
305,1,,,,600,,30
305,2,,,,,600,30
305,3,,,,,,60
305,4,,,,,600,30
305,5,,,,600,,30
305,6,,,,,,60
305,7,,,,,600,30
305,8,,,,,,60
305,9,,,,600,,30
306,1,,,,720,,36
306,2,,,,,720,36
306,3,,,,,,72
306,4,,,,,720,36
306,5,,,,720,,36
306,6,,,,,,72
306,7,,,,,720,36
306,8,,,,,,72
306,9,,,,720,,36
307,1,,,,840,,42
307,2,,,,,840,42
307,3,,,,,,84
307,4,,,,,840,42
307,5,,,,840,,42
307,6,,,,,,84
307,7,,,,,840,42
307,8,,,,,,84
307,9,,,,840,,42
308,1,,,,960,,48
308,2,,,,,960,48
308,3,,,,,,96
308,4,,,,,960,48
308,5,,,,960,,48
308,6,,,,,,96
308,7,,,,,960,48
308,8,,,,,,96
308,9,,,,960,,48
309,1,,,,1080,,54
309,2,,,,,1080,54
309,3,,,,,,108
309,4,,,,,1080,54
309,5,,,,1080,,54
309,6,,,,,,108
309,7,,,,,1080,54
309,8,,,,,,108
309,9,,,,1080,,54
310,1,,,,1200,,60
310,2,,,,,1200,60
310,3,,,,,,120
310,4,,,,,1200,60
310,5,,,,1200,,60
310,6,,,,,,120
310,7,,,,,1200,60
310,8,,,,,,120
310,9,,,,1200,,60
311,1,,,,1320,,66
311,2,,,,,1320,66
311,3,,,,,,132
311,4,,,,,1320,66
311,5,,,,1320,,66
311,6,,,,,,132
311,7,,,,,1320,66
311,8,,,,,,132
311,9,,,,1320,,66
312,1,,,,1440,,72
312,2,,,,,1440,72
312,3,,,,,,144
312,4,,,,,1440,72
312,5,,,,1440,,72
312,6,,,,,,144
312,7,,,,,1440,72
312,8,,,,,,144
312,9,,,,1440,,72
313,1,,,,1560,,78
313,2,,,,,1560,78
313,3,,,,,,156
313,4,,,,,1560,78
313,5,,,,1560,,78
313,6,,,,,,156
313,7,,,,,1560,78
313,8,,,,,,156
313,9,,,,1560,,78
314,1,,,,1680,,84
314,2,,,,,1680,84
314,3,,,,,,168
314,4,,,,,1680,84
314,5,,,,1680,,84
314,6,,,,,,168
314,7,,,,,1680,84
314,8,,,,,,168
314,9,,,,1680,,84
315,1,,,,1800,,90
315,2,,,,,1800,90
315,3,,,,,,180
315,4,,,,,1800,90
315,5,,,,1800,,90
315,6,,,,,,180
315,7,,,,,1800,90
315,8,,,,,,180
315,9,,,,1800,,90
316,1,,,,1920,,96
316,2,,,,,1920,96
316,3,,,,,,192
316,4,,,,,1920,96
316,5,,,,1920,,96
316,6,,,,,,192
316,7,,,,,1920,96
316,8,,,,,,192
316,9,,,,1920,,96
317,1,,,,2040,,102
317,2,,,,,2040,102
317,3,,,,,,204
317,4,,,,,2040,102
317,5,,,,2040,,102
317,6,,,,,,204
317,7,,,,,2040,102
317,8,,,,,,204
317,9,,,,2040,,102
318,1,,,,2160,,108
318,2,,,,,2160,108
318,3,,,,,,216
318,4,,,,,2160,108
318,5,,,,2160,,108
318,6,,,,,,216
318,7,,,,,2160,108
318,8,,,,,,216
318,9,,,,2160,,108
319,1,,,,2280,,114
319,2,,,,,2280,114
319,3,,,,,,228
319,4,,,,,2280,114
319,5,,,,2280,,114
319,6,,,,,,228
319,7,,,,,2280,114
319,8,,,,,,228
319,9,,,,2280,,114
320,1,,,,2400,,120
320,2,,,,,2400,120
320,3,,,,,,240
320,4,,,,,2400,120
320,5,,,,2400,,120
320,6,,,,,,240
320,7,,,,,2400,120
320,8,,,,,,240
320,9,,,,2400,,120
321,1,,,,2520,,126
321,2,,,,,2520,126
321,3,,,,,,252
321,4,,,,,2520,126
321,5,,,,2520,,126
321,6,,,,,,252
321,7,,,,,2520,126
321,8,,,,,,252
321,9,,,,2520,,126
322,1,,,,2640,,132
322,2,,,,,2640,132
322,3,,,,,,264
322,4,,,,,2640,132
322,5,,,,2640,,132
322,6,,,,,,264
322,7,,,,,2640,132
322,8,,,,,,264
322,9,,,,2640,,132
323,1,,,,2760,,138
323,2,,,,,2760,138
323,3,,,,,,276
323,4,,,,,2760,138
323,5,,,,2760,,138
323,6,,,,,,276
323,7,,,,,2760,138
323,8,,,,,,276
323,9,,,,2760,,138
324,1,,,,2880,,144
324,2,,,,,2880,144
324,3,,,,,,288
324,4,,,,,2880,144
324,5,,,,2880,,144
324,6,,,,,,288
324,7,,,,,2880,144
324,8,,,,,,288
324,9,,,,2880,,144
325,1,,,,3000,,150
325,2,,,,,3000,150
325,3,,,,,,300
325,4,,,,,3000,150
325,5,,,,3000,,150
325,6,,,,,,300
325,7,,,,,3000,150
325,8,,,,,,300
325,9,,,,3000,,150
326,1,,,,3120,,156
326,2,,,,,3120,156
326,3,,,,,,312
326,4,,,,,3120,156
326,5,,,,3120,,156
326,6,,,,,,312
326,7,,,,,3120,156
326,8,,,,,,312
326,9,,,,3120,,156
327,1,,,,3240,,162
327,2,,,,,3240,162
327,3,,,,,,324
327,4,,,,,3240,162
327,5,,,,3240,,162
327,6,,,,,,324
327,7,,,,,3240,162
327,8,,,,,,324
327,9,,,,3240,,162
328,1,,,,3360,,168
328,2,,,,,3360,168
328,3,,,,,,336
328,4,,,,,3360,168
328,5,,,,3360,,168
328,6,,,,,,336
328,7,,,,,3360,168
328,8,,,,,,336
328,9,,,,3360,,168
329,1,,,,3480,,174
329,2,,,,,3480,174
329,3,,,,,,348
329,4,,,,,3480,174
329,5,,,,3480,,174
329,6,,,,,,348
329,7,,,,,3480,174
329,8,,,,,,348
329,9,,,,3480,,174
330,1,,,,3600,,180
330,2,,,,,3600,180
330,3,,,,,,360
330,4,,,,,3600,180
330,5,,,,3600,,180
330,6,,,,,,360
330,7,,,,,3600,180
330,8,,,,,,360
330,9,,,,3600,,180
331,1,,,,3720,,186
331,2,,,,,3720,186
331,3,,,,,,372
331,4,,,,,3720,186
331,5,,,,3720,,186
331,6,,,,,,372
331,7,,,,,3720,186
331,8,,,,,,372
331,9,,,,3720,,186
332,1,,,,3840,,192
332,2,,,,,3840,192
332,3,,,,,,384
332,4,,,,,3840,192
332,5,,,,3840,,192
332,6,,,,,,384
332,7,,,,,3840,192
332,8,,,,,,384
332,9,,,,3840,,192
333,1,,,,3960,,198
333,2,,,,,3960,198
333,3,,,,,,396
333,4,,,,,3960,198
333,5,,,,3960,,198
333,6,,,,,,396
333,7,,,,,3960,198
333,8,,,,,,396
333,9,,,,3960,,198
334,1,,,,4080,,204
334,2,,,,,4080,204
334,3,,,,,,408
334,4,,,,,4080,204
334,5,,,,4080,,204
334,6,,,,,,408
334,7,,,,,4080,204
334,8,,,,,,408
334,9,,,,4080,,204
335,1,,,,4200,,210
335,2,,,,,4200,210
335,3,,,,,,420
335,4,,,,,4200,210
335,5,,,,4200,,210
335,6,,,,,,420
335,7,,,,,4200,210
335,8,,,,,,420
335,9,,,,4200,,210
336,1,,,,4320,,216
336,2,,,,,4320,216
336,3,,,,,,432
336,4,,,,,4320,216
336,5,,,,4320,,216
336,6,,,,,,432
336,7,,,,,4320,216
336,8,,,,,,432
336,9,,,,4320,,216
337,1,,,,4440,,222
337,2,,,,,4440,222
337,3,,,,,,444
337,4,,,,,4440,222
337,5,,,,4440,,222
337,6,,,,,,444
337,7,,,,,4440,222
337,8,,,,,,444
337,9,,,,4440,,222
338,1,,,,4560,,228
338,2,,,,,4560,228
338,3,,,,,,456
338,4,,,,,4560,228
338,5,,,,4560,,228
338,6,,,,,,456
338,7,,,,,4560,228
338,8,,,,,,456
338,9,,,,4560,,228
339,1,,,,4680,,234
339,2,,,,,4680,234
339,3,,,,,,468
339,4,,,,,4680,234
339,5,,,,4680,,234
339,6,,,,,,468
339,7,,,,,4680,234
339,8,,,,,,468
339,9,,,,4680,,234
340,1,,,,4800,,240
340,2,,,,,4800,240
340,3,,,,,,480
340,4,,,,,4800,240
340,5,,,,4800,,240
340,6,,,,,,480
340,7,,,,,4800,240
340,8,,,,,,480
340,9,,,,4800,,240
341,1,,,,4920,,246
341,2,,,,,4920,246
341,3,,,,,,492
341,4,,,,,4920,246
341,5,,,,4920,,246
341,6,,,,,,492
341,7,,,,,4920,246
341,8,,,,,,492
341,9,,,,4920,,246
342,1,,,,5040,,252
342,2,,,,,5040,252
342,3,,,,,,504
342,4,,,,,5040,252
342,5,,,,5040,,252
342,6,,,,,,504
342,7,,,,,5040,252
342,8,,,,,,504
342,9,,,,5040,,252
343,1,,,,5160,,258
343,2,,,,,5160,258
343,3,,,,,,516
343,4,,,,,5160,258
343,5,,,,5160,,258
343,6,,,,,,516
343,7,,,,,5160,258
343,8,,,,,,516
343,9,,,,5160,,258
344,1,,,,5280,,264
344,2,,,,,5280,264
344,3,,,,,,528
344,4,,,,,5280,264
344,5,,,,5280,,264
344,6,,,,,,528
344,7,,,,,5280,264
344,8,,,,,,528
344,9,,,,5280,,264
345,1,,,,5400,,270
345,2,,,,,5400,270
345,3,,,,,,540
345,4,,,,,5400,270
345,5,,,,5400,,270
345,6,,,,,,540
345,7,,,,,5400,270
345,8,,,,,,540
345,9,,,,5400,,270
346,1,,,,5520,,276
346,2,,,,,5520,276
346,3,,,,,,552
346,4,,,,,5520,276
346,5,,,,5520,,276
346,6,,,,,,552
346,7,,,,,5520,276
346,8,,,,,,552
346,9,,,,5520,,276
347,1,,,,5640,,282
347,2,,,,,5640,282
347,3,,,,,,564
347,4,,,,,5640,282
347,5,,,,5640,,282
347,6,,,,,,564
347,7,,,,,5640,282
347,8,,,,,,564
347,9,,,,5640,,282
348,1,,,,5760,,288
348,2,,,,,5760,288
348,3,,,,,,576
348,4,,,,,5760,288
348,5,,,,5760,,288
348,6,,,,,,576
348,7,,,,,5760,288
348,8,,,,,,576
348,9,,,,5760,,288
349,1,,,,5880,,294
349,2,,,,,5880,294
349,3,,,,,,588
349,4,,,,,5880,294
349,5,,,,5880,,294
349,6,,,,,,588
349,7,,,,,5880,294
349,8,,,,,,588
349,9,,,,5880,,294
350,1,,,,6000,,300
350,2,,,,,6000,300
350,3,,,,,,600
350,4,,,,,6000,300
350,5,,,,6000,,300
350,6,,,,,,600
350,7,,,,,6000,300
350,8,,,,,,600
350,9,,,,6000,,300
351,1,,,,6120,,306
351,2,,,,,6120,306
351,3,,,,,,612
351,4,,,,,6120,306
351,5,,,,6120,,306
351,6,,,,,,612
351,7,,,,,6120,306
351,8,,,,,,612
351,9,,,,6120,,306
352,1,,,,6240,,312
352,2,,,,,6240,312
352,3,,,,,,624
352,4,,,,,6240,312
352,5,,,,6240,,312
352,6,,,,,,624
352,7,,,,,6240,312
352,8,,,,,,624
352,9,,,,6240,,312
353,1,,,,6360,,318
353,2,,,,,6360,318
353,3,,,,,,636
353,4,,,,,6360,318
353,5,,,,6360,,318
353,6,,,,,,636
353,7,,,,,6360,318
353,8,,,,,,636
353,9,,,,6360,,318
354,1,,,,6480,,324
354,2,,,,,6480,324
354,3,,,,,,648
354,4,,,,,6480,324
354,5,,,,6480,,324
354,6,,,,,,648
354,7,,,,,6480,324
354,8,,,,,,648
354,9,,,,6480,,324
355,1,,,,6600,,330
355,2,,,,,6600,330
355,3,,,,,,660
355,4,,,,,6600,330
355,5,,,,6600,,330
355,6,,,,,,660
355,7,,,,,6600,330
355,8,,,,,,660
355,9,,,,6600,,330
356,1,,,,6720,,336
356,2,,,,,6720,336
356,3,,,,,,672
356,4,,,,,6720,336
356,5,,,,6720,,336
356,6,,,,,,672
356,7,,,,,6720,336
356,8,,,,,,672
356,9,,,,6720,,336
357,1,,,,6840,,342
357,2,,,,,6840,342
357,3,,,,,,684
357,4,,,,,6840,342
357,5,,,,6840,,342
357,6,,,,,,684
357,7,,,,,6840,342
357,8,,,,,,684
357,9,,,,6840,,342
358,1,,,,6960,,348
358,2,,,,,6960,348
358,3,,,,,,696
358,4,,,,,6960,348
358,5,,,,6960,,348
358,6,,,,,,696
358,7,,,,,6960,348
358,8,,,,,,696
358,9,,,,6960,,348
359,1,,,,7080,,354
359,2,,,,,7080,354
359,3,,,,,,708
359,4,,,,,7080,354
359,5,,,,7080,,354
359,6,,,,,,708
359,7,,,,,7080,354
359,8,,,,,,708
359,9,,,,7080,,354
360,1,,,,7200,,360
360,2,,,,,7200,360
360,3,,,,,,720
360,4,,,,,7200,360
360,5,,,,7200,,360
360,6,,,,,,720
360,7,,,,,7200,360
360,8,,,,,,720
360,9,,,,7200,,360
361,1,,,,7320,,366
361,2,,,,,7320,366
361,3,,,,,,732
361,4,,,,,7320,366
361,5,,,,7320,,366
361,6,,,,,,732
361,7,,,,,7320,366
361,8,,,,,,732
361,9,,,,7320,,366
362,1,,,,7440,,372
362,2,,,,,7440,372
362,3,,,,,,744
362,4,,,,,7440,372
362,5,,,,7440,,372
362,6,,,,,,744
362,7,,,,,7440,372
362,8,,,,,,744
362,9,,,,7440,,372
363,1,,,,7560,,378
363,2,,,,,7560,378
363,3,,,,,,756
363,4,,,,,7560,378
363,5,,,,7560,,378
363,6,,,,,,756
363,7,,,,,7560,378
363,8,,,,,,756
363,9,,,,7560,,378
364,1,,,,7680,,384
364,2,,,,,7680,384
364,3,,,,,,768
364,4,,,,,7680,384
364,5,,,,7680,,384
364,6,,,,,,768
364,7,,,,,7680,384
364,8,,,,,,768
364,9,,,,7680,,384
365,1,,,,7800,,390
365,2,,,,,7800,390
365,3,,,,,,780
365,4,,,,,7800,390
365,5,,,,7800,,390
365,6,,,,,,780
365,7,,,,,7800,390
365,8,,,,,,780
365,9,,,,7800,,390
366,1,,,,7920,,396
366,2,,,,,7920,396
366,3,,,,,,792
366,4,,,,,7920,396
366,5,,,,7920,,396
366,6,,,,,,792
366,7,,,,,7920,396
366,8,,,,,,792
366,9,,,,7920,,396
367,1,,,,8040,,402
367,2,,,,,8040,402
367,3,,,,,,804
367,4,,,,,8040,402
367,5,,,,8040,,402
367,6,,,,,,804
367,7,,,,,8040,402
367,8,,,,,,804
367,9,,,,8040,,402
368,1,,,,8160,,408
368,2,,,,,8160,408
368,3,,,,,,816
368,4,,,,,8160,408
368,5,,,,8160,,408
368,6,,,,,,816
368,7,,,,,8160,408
368,8,,,,,,816
368,9,,,,8160,,408
369,1,,,,8280,,414
369,2,,,,,8280,414
369,3,,,,,,828
369,4,,,,,8280,414
369,5,,,,8280,,414
369,6,,,,,,828
369,7,,,,,8280,414
369,8,,,,,,828
369,9,,,,8280,,414
370,1,,,,8400,,420
370,2,,,,,8400,420
370,3,,,,,,840
370,4,,,,,8400,420
370,5,,,,8400,,420
370,6,,,,,,840
370,7,,,,,8400,420
370,8,,,,,,840
370,9,,,,8400,,420
371,1,,,,8520,,426
371,2,,,,,8520,426
371,3,,,,,,852
371,4,,,,,8520,426
371,5,,,,8520,,426
371,6,,,,,,852
371,7,,,,,8520,426
371,8,,,,,,852
371,9,,,,8520,,426
372,1,,,,8640,,432
372,2,,,,,8640,432
372,3,,,,,,864
372,4,,,,,8640,432
372,5,,,,8640,,432
372,6,,,,,,864
372,7,,,,,8640,432
372,8,,,,,,864
372,9,,,,8640,,432
373,1,,,,8760,,438
373,2,,,,,8760,438
373,3,,,,,,876
373,4,,,,,8760,438
373,5,,,,8760,,438
373,6,,,,,,876
373,7,,,,,8760,438
373,8,,,,,,876
373,9,,,,8760,,438
374,1,,,,8880,,444
374,2,,,,,8880,444
374,3,,,,,,888
374,4,,,,,8880,444
374,5,,,,8880,,444
374,6,,,,,,888
374,7,,,,,8880,444
374,8,,,,,,888
374,9,,,,8880,,444
375,1,,,,9000,,450
375,2,,,,,9000,450
375,3,,,,,,900
375,4,,,,,9000,450
375,5,,,,9000,,450
375,6,,,,,,900
375,7,,,,,9000,450
375,8,,,,,,900
375,9,,,,9000,,450
376,1,,,,9120,,456
376,2,,,,,9120,456
376,3,,,,,,912
376,4,,,,,9120,456
376,5,,,,9120,,456
376,6,,,,,,912
376,7,,,,,9120,456
376,8,,,,,,912
376,9,,,,9120,,456
377,1,,,,9240,,462
377,2,,,,,9240,462
377,3,,,,,,924
377,4,,,,,9240,462
377,5,,,,9240,,462
377,6,,,,,,924
377,7,,,,,9240,462
377,8,,,,,,924
377,9,,,,9240,,462
378,1,,,,9360,,468
378,2,,,,,9360,468
378,3,,,,,,936
378,4,,,,,9360,468
378,5,,,,9360,,468
378,6,,,,,,936
378,7,,,,,9360,468
378,8,,,,,,936
378,9,,,,9360,,468
379,1,,,,9480,,474
379,2,,,,,9480,474
379,3,,,,,,948
379,4,,,,,9480,474
379,5,,,,9480,,474
379,6,,,,,,948
379,7,,,,,9480,474
379,8,,,,,,948
379,9,,,,9480,,474
380,1,,,,9600,,480
380,2,,,,,9600,480
380,3,,,,,,960
380,4,,,,,9600,480
380,5,,,,9600,,480
380,6,,,,,,960
380,7,,,,,9600,480
380,8,,,,,,960
380,9,,,,9600,,480
381,1,,,,9720,,486
381,2,,,,,9720,486
381,3,,,,,,972
381,4,,,,,9720,486
381,5,,,,9720,,486
381,6,,,,,,972
381,7,,,,,9720,486
381,8,,,,,,972
381,9,,,,9720,,486
382,1,,,,9840,,492
382,2,,,,,9840,492
382,3,,,,,,984
382,4,,,,,9840,492
382,5,,,,9840,,492
382,6,,,,,,984
382,7,,,,,9840,492
382,8,,,,,,984
382,9,,,,9840,,492
383,1,,,,9960,,498
383,2,,,,,9960,498
383,3,,,,,,996
383,4,,,,,9960,498
383,5,,,,9960,,498
383,6,,,,,,996
383,7,,,,,9960,498
383,8,,,,,,996
383,9,,,,9960,,498
384,1,,,,10080,,504
384,2,,,,,10080,504
384,3,,,,,,1008
384,4,,,,,10080,504
384,5,,,,10080,,504
384,6,,,,,,1008
384,7,,,,,10080,504
384,8,,,,,,1008
384,9,,,,10080,,504
385,1,,,,10200,,510
385,2,,,,,10200,510
385,3,,,,,,1020
385,4,,,,,10200,510
385,5,,,,10200,,510
385,6,,,,,,1020
385,7,,,,,10200,510
385,8,,,,,,1020
385,9,,,,10200,,510
386,1,,,,10320,,516
386,2,,,,,10320,516
386,3,,,,,,1032
386,4,,,,,10320,516
386,5,,,,10320,,516
386,6,,,,,,1032
386,7,,,,,10320,516
386,8,,,,,,1032
386,9,,,,10320,,516
387,1,,,,10440,,522
387,2,,,,,10440,522
387,3,,,,,,1044
387,4,,,,,10440,522
387,5,,,,10440,,522
387,6,,,,,,1044
387,7,,,,,10440,522
387,8,,,,,,1044
387,9,,,,10440,,522
388,1,,,,10560,,528
388,2,,,,,10560,528
388,3,,,,,,1056
388,4,,,,,10560,528
388,5,,,,10560,,528
388,6,,,,,,1056
388,7,,,,,10560,528
388,8,,,,,,1056
388,9,,,,10560,,528
389,1,,,,10680,,534
389,2,,,,,10680,534
389,3,,,,,,1068
389,4,,,,,10680,534
389,5,,,,10680,,534
389,6,,,,,,1068
389,7,,,,,10680,534
389,8,,,,,,1068
389,9,,,,10680,,534
390,1,,,,10800,,540
390,2,,,,,10800,540
390,3,,,,,,1080
390,4,,,,,10800,540
390,5,,,,10800,,540
390,6,,,,,,1080
390,7,,,,,10800,540
390,8,,,,,,1080
390,9,,,,10800,,540
391,1,,,,10920,,546
391,2,,,,,10920,546
391,3,,,,,,1092
391,4,,,,,10920,546
391,5,,,,10920,,546
391,6,,,,,,1092
391,7,,,,,10920,546
391,8,,,,,,1092
391,9,,,,10920,,546
392,1,,,,11040,,552
392,2,,,,,11040,552
392,3,,,,,,1104
392,4,,,,,11040,552
392,5,,,,11040,,552
392,6,,,,,,1104
392,7,,,,,11040,552
392,8,,,,,,1104
392,9,,,,11040,,552
393,1,,,,11160,,558
393,2,,,,,11160,558
393,3,,,,,,1116
393,4,,,,,11160,558
393,5,,,,11160,,558
393,6,,,,,,1116
393,7,,,,,11160,558
393,8,,,,,,1116
393,9,,,,11160,,558
394,1,,,,11280,,564
394,2,,,,,11280,564
394,3,,,,,,1128
394,4,,,,,11280,564
394,5,,,,11280,,564
394,6,,,,,,1128
394,7,,,,,11280,564
394,8,,,,,,1128
394,9,,,,11280,,564
395,1,,,,11400,,570
395,2,,,,,11400,570
395,3,,,,,,1140
395,4,,,,,11400,570
395,5,,,,11400,,570
395,6,,,,,,1140
395,7,,,,,11400,570
395,8,,,,,,1140
395,9,,,,11400,,570
396,1,,,,11520,,576
396,2,,,,,11520,576
396,3,,,,,,1152
396,4,,,,,11520,576
396,5,,,,11520,,576
396,6,,,,,,1152
396,7,,,,,11520,576
396,8,,,,,,1152
396,9,,,,11520,,576
397,1,,,,11640,,582
397,2,,,,,11640,582
397,3,,,,,,1164
397,4,,,,,11640,582
397,5,,,,11640,,582
397,6,,,,,,1164
397,7,,,,,11640,582
397,8,,,,,,1164
397,9,,,,11640,,582
398,1,,,,11760,,588
398,2,,,,,11760,588
398,3,,,,,,1176
398,4,,,,,11760,588
398,5,,,,11760,,588
398,6,,,,,,1176
398,7,,,,,11760,588
398,8,,,,,,1176
398,9,,,,11760,,588
399,1,,,,11880,,594
399,2,,,,,11880,594
399,3,,,,,,1188
399,4,,,,,11880,594
399,5,,,,11880,,594
399,6,,,,,,1188
399,7,,,,,11880,594
399,8,,,,,,1188
399,9,,,,11880,,594
400,1,,,,12000,,600
400,2,,,,,12000,600
400,3,,,,,,1200
400,4,,,,,12000,600
400,5,,,,12000,,600
400,6,,,,,,1200
400,7,,,,,12000,600
400,8,,,,,,1200
400,9,,,,12000,,600
401,1,,,,,,12
401,2,,120,,,,
401,3,,,,240,,
401,4,,,120,,,
401,5,,120,,,,
401,6,,,,,240,
401,7,,,,240,,
401,8,,,,,240,
401,9,,,120,,,
402,1,,,,,,24
402,2,,240,,,,
402,3,,,,480,,
402,4,,,240,,,
402,5,,240,,,,
402,6,,,,,480,
402,7,,,,480,,
402,8,,,,,480,
402,9,,,240,,,
403,1,,,,,,36
403,2,,360,,,,
403,3,,,,720,,
403,4,,,360,,,
403,5,,360,,,,
403,6,,,,,720,
403,7,,,,720,,
403,8,,,,,720,
403,9,,,360,,,
404,1,,,,,,48
404,2,,480,,,,
404,3,,,,960,,
404,4,,,480,,,
404,5,,480,,,,
404,6,,,,,960,
404,7,,,,960,,
404,8,,,,,960,
404,9,,,480,,,
405,1,,,,,,60
405,2,,600,,,,
405,3,,,,1200,,
405,4,,,600,,,
405,5,,600,,,,
405,6,,,,,1200,
405,7,,,,1200,,
405,8,,,,,1200,
405,9,,,600,,,
406,1,,,,,,72
406,2,,720,,,,
406,3,,,,1440,,
406,4,,,720,,,
406,5,,720,,,,
406,6,,,,,1440,
406,7,,,,1440,,
406,8,,,,,1440,
406,9,,,720,,,
407,1,,,,,,84
407,2,,840,,,,
407,3,,,,1680,,
407,4,,,840,,,
407,5,,840,,,,
407,6,,,,,1680,
407,7,,,,1680,,
407,8,,,,,1680,
407,9,,,840,,,
408,1,,,,,,96
408,2,,960,,,,
408,3,,,,1920,,
408,4,,,960,,,
408,5,,960,,,,
408,6,,,,,1920,
408,7,,,,1920,,
408,8,,,,,1920,
408,9,,,960,,,
409,1,,,,,,108
409,2,,1080,,,,
409,3,,,,2160,,
409,4,,,1080,,,
409,5,,1080,,,,
409,6,,,,,2160,
409,7,,,,2160,,
409,8,,,,,2160,
409,9,,,1080,,,
410,1,,,,,,120
410,2,,1200,,,,
410,3,,,,2400,,
410,4,,,1200,,,
410,5,,1200,,,,
410,6,,,,,2400,
410,7,,,,2400,,
410,8,,,,,2400,
410,9,,,1200,,,
411,1,,,,,,132
411,2,,1320,,,,
411,3,,,,2640,,
411,4,,,1320,,,
411,5,,1320,,,,
411,6,,,,,2640,
411,7,,,,2640,,
411,8,,,,,2640,
411,9,,,1320,,,
412,1,,,,,,144
412,2,,1440,,,,
412,3,,,,2880,,
412,4,,,1440,,,
412,5,,1440,,,,
412,6,,,,,2880,
412,7,,,,2880,,
412,8,,,,,2880,
412,9,,,1440,,,
413,1,,,,,,156
413,2,,1560,,,,
413,3,,,,3120,,
413,4,,,1560,,,
413,5,,1560,,,,
413,6,,,,,3120,
413,7,,,,3120,,
413,8,,,,,3120,
413,9,,,1560,,,
414,1,,,,,,168
414,2,,1680,,,,
414,3,,,,3360,,
414,4,,,1680,,,
414,5,,1680,,,,
414,6,,,,,3360,
414,7,,,,3360,,
414,8,,,,,3360,
414,9,,,1680,,,
415,1,,,,,,180
415,2,,1800,,,,
415,3,,,,3600,,
415,4,,,1800,,,
415,5,,1800,,,,
415,6,,,,,3600,
415,7,,,,3600,,
415,8,,,,,3600,
415,9,,,1800,,,
416,1,,,,,,192
416,2,,1920,,,,
416,3,,,,3840,,
416,4,,,1920,,,
416,5,,1920,,,,
416,6,,,,,3840,
416,7,,,,3840,,
416,8,,,,,3840,
416,9,,,1920,,,
417,1,,,,,,204
417,2,,2040,,,,
417,3,,,,4080,,
417,4,,,2040,,,
417,5,,2040,,,,
417,6,,,,,4080,
417,7,,,,4080,,
417,8,,,,,4080,
417,9,,,2040,,,
418,1,,,,,,216
418,2,,2160,,,,
418,3,,,,4320,,
418,4,,,2160,,,
418,5,,2160,,,,
418,6,,,,,4320,
418,7,,,,4320,,
418,8,,,,,4320,
418,9,,,2160,,,
419,1,,,,,,228
419,2,,2280,,,,
419,3,,,,4560,,
419,4,,,2280,,,
419,5,,2280,,,,
419,6,,,,,4560,
419,7,,,,4560,,
419,8,,,,,4560,
419,9,,,2280,,,
420,1,,,,,,240
420,2,,2400,,,,
420,3,,,,4800,,
420,4,,,2400,,,
420,5,,2400,,,,
420,6,,,,,4800,
420,7,,,,4800,,
420,8,,,,,4800,
420,9,,,2400,,,
421,1,,,,,,252
421,2,,2520,,,,
421,3,,,,5040,,
421,4,,,2520,,,
421,5,,2520,,,,
421,6,,,,,5040,
421,7,,,,5040,,
421,8,,,,,5040,
421,9,,,2520,,,
422,1,,,,,,264
422,2,,2640,,,,
422,3,,,,5280,,
422,4,,,2640,,,
422,5,,2640,,,,
422,6,,,,,5280,
422,7,,,,5280,,
422,8,,,,,5280,
422,9,,,2640,,,
423,1,,,,,,276
423,2,,2760,,,,
423,3,,,,5520,,
423,4,,,2760,,,
423,5,,2760,,,,
423,6,,,,,5520,
423,7,,,,5520,,
423,8,,,,,5520,
423,9,,,2760,,,
424,1,,,,,,288
424,2,,2880,,,,
424,3,,,,5760,,
424,4,,,2880,,,
424,5,,2880,,,,
424,6,,,,,5760,
424,7,,,,5760,,
424,8,,,,,5760,
424,9,,,2880,,,
425,1,,,,,,300
425,2,,3000,,,,
425,3,,,,6000,,
425,4,,,3000,,,
425,5,,3000,,,,
425,6,,,,,6000,
425,7,,,,6000,,
425,8,,,,,6000,
425,9,,,3000,,,
426,1,,,,,,312
426,2,,3120,,,,
426,3,,,,6240,,
426,4,,,3120,,,
426,5,,3120,,,,
426,6,,,,,6240,
426,7,,,,6240,,
426,8,,,,,6240,
426,9,,,3120,,,
427,1,,,,,,324
427,2,,3240,,,,
427,3,,,,6480,,
427,4,,,3240,,,
427,5,,3240,,,,
427,6,,,,,6480,
427,7,,,,6480,,
427,8,,,,,6480,
427,9,,,3240,,,
428,1,,,,,,336
428,2,,3360,,,,
428,3,,,,6720,,
428,4,,,3360,,,
428,5,,3360,,,,
428,6,,,,,6720,
428,7,,,,6720,,
428,8,,,,,6720,
428,9,,,3360,,,
429,1,,,,,,348
429,2,,3480,,,,
429,3,,,,6960,,
429,4,,,3480,,,
429,5,,3480,,,,
429,6,,,,,6960,
429,7,,,,6960,,
429,8,,,,,6960,
429,9,,,3480,,,
430,1,,,,,,360
430,2,,3600,,,,
430,3,,,,7200,,
430,4,,,3600,,,
430,5,,3600,,,,
430,6,,,,,7200,
430,7,,,,7200,,
430,8,,,,,7200,
430,9,,,3600,,,
431,1,,,,,,372
431,2,,3720,,,,
431,3,,,,7440,,
431,4,,,3720,,,
431,5,,3720,,,,
431,6,,,,,7440,
431,7,,,,7440,,
431,8,,,,,7440,
431,9,,,3720,,,
432,1,,,,,,384
432,2,,3840,,,,
432,3,,,,7680,,
432,4,,,3840,,,
432,5,,3840,,,,
432,6,,,,,7680,
432,7,,,,7680,,
432,8,,,,,7680,
432,9,,,3840,,,
433,1,,,,,,396
433,2,,3960,,,,
433,3,,,,7920,,
433,4,,,3960,,,
433,5,,3960,,,,
433,6,,,,,7920,
433,7,,,,7920,,
433,8,,,,,7920,
433,9,,,3960,,,
434,1,,,,,,408
434,2,,4080,,,,
434,3,,,,8160,,
434,4,,,4080,,,
434,5,,4080,,,,
434,6,,,,,8160,
434,7,,,,8160,,
434,8,,,,,8160,
434,9,,,4080,,,
435,1,,,,,,420
435,2,,4200,,,,
435,3,,,,8400,,
435,4,,,4200,,,
435,5,,4200,,,,
435,6,,,,,8400,
435,7,,,,8400,,
435,8,,,,,8400,
435,9,,,4200,,,
436,1,,,,,,432
436,2,,4320,,,,
436,3,,,,8640,,
436,4,,,4320,,,
436,5,,4320,,,,
436,6,,,,,8640,
436,7,,,,8640,,
436,8,,,,,8640,
436,9,,,4320,,,
437,1,,,,,,444
437,2,,4440,,,,
437,3,,,,8880,,
437,4,,,4440,,,
437,5,,4440,,,,
437,6,,,,,8880,
437,7,,,,8880,,
437,8,,,,,8880,
437,9,,,4440,,,
438,1,,,,,,456
438,2,,4560,,,,
438,3,,,,9120,,
438,4,,,4560,,,
438,5,,4560,,,,
438,6,,,,,9120,
438,7,,,,9120,,
438,8,,,,,9120,
438,9,,,4560,,,
439,1,,,,,,468
439,2,,4680,,,,
439,3,,,,9360,,
439,4,,,4680,,,
439,5,,4680,,,,
439,6,,,,,9360,
439,7,,,,9360,,
439,8,,,,,9360,
439,9,,,4680,,,
440,1,,,,,,480
440,2,,4800,,,,
440,3,,,,9600,,
440,4,,,4800,,,
440,5,,4800,,,,
440,6,,,,,9600,
440,7,,,,9600,,
440,8,,,,,9600,
440,9,,,4800,,,
441,1,,,,,,492
441,2,,4920,,,,
441,3,,,,9840,,
441,4,,,4920,,,
441,5,,4920,,,,
441,6,,,,,9840,
441,7,,,,9840,,
441,8,,,,,9840,
441,9,,,4920,,,
442,1,,,,,,504
442,2,,5040,,,,
442,3,,,,10080,,
442,4,,,5040,,,
442,5,,5040,,,,
442,6,,,,,10080,
442,7,,,,10080,,
442,8,,,,,10080,
442,9,,,5040,,,
443,1,,,,,,516
443,2,,5160,,,,
443,3,,,,10320,,
443,4,,,5160,,,
443,5,,5160,,,,
443,6,,,,,10320,
443,7,,,,10320,,
443,8,,,,,10320,
443,9,,,5160,,,
444,1,,,,,,528
444,2,,5280,,,,
444,3,,,,10560,,
444,4,,,5280,,,
444,5,,5280,,,,
444,6,,,,,10560,
444,7,,,,10560,,
444,8,,,,,10560,
444,9,,,5280,,,
445,1,,,,,,540
445,2,,5400,,,,
445,3,,,,10800,,
445,4,,,5400,,,
445,5,,5400,,,,
445,6,,,,,10800,
445,7,,,,10800,,
445,8,,,,,10800,
445,9,,,5400,,,
446,1,,,,,,552
446,2,,5520,,,,
446,3,,,,11040,,
446,4,,,5520,,,
446,5,,5520,,,,
446,6,,,,,11040,
446,7,,,,11040,,
446,8,,,,,11040,
446,9,,,5520,,,
447,1,,,,,,564
447,2,,5640,,,,
447,3,,,,11280,,
447,4,,,5640,,,
447,5,,5640,,,,
447,6,,,,,11280,
447,7,,,,11280,,
447,8,,,,,11280,
447,9,,,5640,,,
448,1,,,,,,576
448,2,,5760,,,,
448,3,,,,11520,,
448,4,,,5760,,,
448,5,,5760,,,,
448,6,,,,,11520,
448,7,,,,11520,,
448,8,,,,,11520,
448,9,,,5760,,,
449,1,,,,,,588
449,2,,5880,,,,
449,3,,,,11760,,
449,4,,,5880,,,
449,5,,5880,,,,
449,6,,,,,11760,
449,7,,,,11760,,
449,8,,,,,11760,
449,9,,,5880,,,
450,1,,,,,,600
450,2,,6000,,,,
450,3,,,,12000,,
450,4,,,6000,,,
450,5,,6000,,,,
450,6,,,,,12000,
450,7,,,,12000,,
450,8,,,,,12000,
450,9,,,6000,,,
451,1,,,,,,612
451,2,,6120,,,,
451,3,,,,12240,,
451,4,,,6120,,,
451,5,,6120,,,,
451,6,,,,,12240,
451,7,,,,12240,,
451,8,,,,,12240,
451,9,,,6120,,,
452,1,,,,,,624
452,2,,6240,,,,
452,3,,,,12480,,
452,4,,,6240,,,
452,5,,6240,,,,
452,6,,,,,12480,
452,7,,,,12480,,
452,8,,,,,12480,
452,9,,,6240,,,
453,1,,,,,,636
453,2,,6360,,,,
453,3,,,,12720,,
453,4,,,6360,,,
453,5,,6360,,,,
453,6,,,,,12720,
453,7,,,,12720,,
453,8,,,,,12720,
453,9,,,6360,,,
454,1,,,,,,648
454,2,,6480,,,,
454,3,,,,12960,,
454,4,,,6480,,,
454,5,,6480,,,,
454,6,,,,,12960,
454,7,,,,12960,,
454,8,,,,,12960,
454,9,,,6480,,,
455,1,,,,,,660
455,2,,6600,,,,
455,3,,,,13200,,
455,4,,,6600,,,
455,5,,6600,,,,
455,6,,,,,13200,
455,7,,,,13200,,
455,8,,,,,13200,
455,9,,,6600,,,
456,1,,,,,,672
456,2,,6720,,,,
456,3,,,,13440,,
456,4,,,6720,,,
456,5,,6720,,,,
456,6,,,,,13440,
456,7,,,,13440,,
456,8,,,,,13440,
456,9,,,6720,,,
457,1,,,,,,684
457,2,,6840,,,,
457,3,,,,13680,,
457,4,,,6840,,,
457,5,,6840,,,,
457,6,,,,,13680,
457,7,,,,13680,,
457,8,,,,,13680,
457,9,,,6840,,,
458,1,,,,,,696
458,2,,6960,,,,
458,3,,,,13920,,
458,4,,,6960,,,
458,5,,6960,,,,
458,6,,,,,13920,
458,7,,,,13920,,
458,8,,,,,13920,
458,9,,,6960,,,
459,1,,,,,,708
459,2,,7080,,,,
459,3,,,,14160,,
459,4,,,7080,,,
459,5,,7080,,,,
459,6,,,,,14160,
459,7,,,,14160,,
459,8,,,,,14160,
459,9,,,7080,,,
460,1,,,,,,720
460,2,,7200,,,,
460,3,,,,14400,,
460,4,,,7200,,,
460,5,,7200,,,,
460,6,,,,,14400,
460,7,,,,14400,,
460,8,,,,,14400,
460,9,,,7200,,,
461,1,,,,,,732
461,2,,7320,,,,
461,3,,,,14640,,
461,4,,,7320,,,
461,5,,7320,,,,
461,6,,,,,14640,
461,7,,,,14640,,
461,8,,,,,14640,
461,9,,,7320,,,
462,1,,,,,,744
462,2,,7440,,,,
462,3,,,,14880,,
462,4,,,7440,,,
462,5,,7440,,,,
462,6,,,,,14880,
462,7,,,,14880,,
462,8,,,,,14880,
462,9,,,7440,,,
463,1,,,,,,756
463,2,,7560,,,,
463,3,,,,15120,,
463,4,,,7560,,,
463,5,,7560,,,,
463,6,,,,,15120,
463,7,,,,15120,,
463,8,,,,,15120,
463,9,,,7560,,,
464,1,,,,,,768
464,2,,7680,,,,
464,3,,,,15360,,
464,4,,,7680,,,
464,5,,7680,,,,
464,6,,,,,15360,
464,7,,,,15360,,
464,8,,,,,15360,
464,9,,,7680,,,
465,1,,,,,,780
465,2,,7800,,,,
465,3,,,,15600,,
465,4,,,7800,,,
465,5,,7800,,,,
465,6,,,,,15600,
465,7,,,,15600,,
465,8,,,,,15600,
465,9,,,7800,,,
466,1,,,,,,792
466,2,,7920,,,,
466,3,,,,15840,,
466,4,,,7920,,,
466,5,,7920,,,,
466,6,,,,,15840,
466,7,,,,15840,,
466,8,,,,,15840,
466,9,,,7920,,,
467,1,,,,,,804
467,2,,8040,,,,
467,3,,,,16080,,
467,4,,,8040,,,
467,5,,8040,,,,
467,6,,,,,16080,
467,7,,,,16080,,
467,8,,,,,16080,
467,9,,,8040,,,
468,1,,,,,,816
468,2,,8160,,,,
468,3,,,,16320,,
468,4,,,8160,,,
468,5,,8160,,,,
468,6,,,,,16320,
468,7,,,,16320,,
468,8,,,,,16320,
468,9,,,8160,,,
469,1,,,,,,828
469,2,,8280,,,,
469,3,,,,16560,,
469,4,,,8280,,,
469,5,,8280,,,,
469,6,,,,,16560,
469,7,,,,16560,,
469,8,,,,,16560,
469,9,,,8280,,,
470,1,,,,,,840
470,2,,8400,,,,
470,3,,,,16800,,
470,4,,,8400,,,
470,5,,8400,,,,
470,6,,,,,16800,
470,7,,,,16800,,
470,8,,,,,16800,
470,9,,,8400,,,
471,1,,,,,,852
471,2,,8520,,,,
471,3,,,,17040,,
471,4,,,8520,,,
471,5,,8520,,,,
471,6,,,,,17040,
471,7,,,,17040,,
471,8,,,,,17040,
471,9,,,8520,,,
472,1,,,,,,864
472,2,,8640,,,,
472,3,,,,17280,,
472,4,,,8640,,,
472,5,,8640,,,,
472,6,,,,,17280,
472,7,,,,17280,,
472,8,,,,,17280,
472,9,,,8640,,,
473,1,,,,,,876
473,2,,8760,,,,
473,3,,,,17520,,
473,4,,,8760,,,
473,5,,8760,,,,
473,6,,,,,17520,
473,7,,,,17520,,
473,8,,,,,17520,
473,9,,,8760,,,
474,1,,,,,,888
474,2,,8880,,,,
474,3,,,,17760,,
474,4,,,8880,,,
474,5,,8880,,,,
474,6,,,,,17760,
474,7,,,,17760,,
474,8,,,,,17760,
474,9,,,8880,,,
475,1,,,,,,900
475,2,,9000,,,,
475,3,,,,18000,,
475,4,,,9000,,,
475,5,,9000,,,,
475,6,,,,,18000,
475,7,,,,18000,,
475,8,,,,,18000,
475,9,,,9000,,,
476,1,,,,,,912
476,2,,9120,,,,
476,3,,,,18240,,
476,4,,,9120,,,
476,5,,9120,,,,
476,6,,,,,18240,
476,7,,,,18240,,
476,8,,,,,18240,
476,9,,,9120,,,
477,1,,,,,,924
477,2,,9240,,,,
477,3,,,,18480,,
477,4,,,9240,,,
477,5,,9240,,,,
477,6,,,,,18480,
477,7,,,,18480,,
477,8,,,,,18480,
477,9,,,9240,,,
478,1,,,,,,936
478,2,,9360,,,,
478,3,,,,18720,,
478,4,,,9360,,,
478,5,,9360,,,,
478,6,,,,,18720,
478,7,,,,18720,,
478,8,,,,,18720,
478,9,,,9360,,,
479,1,,,,,,948
479,2,,9480,,,,
479,3,,,,18960,,
479,4,,,9480,,,
479,5,,9480,,,,
479,6,,,,,18960,
479,7,,,,18960,,
479,8,,,,,18960,
479,9,,,9480,,,
480,1,,,,,,960
480,2,,9600,,,,
480,3,,,,19200,,
480,4,,,9600,,,
480,5,,9600,,,,
480,6,,,,,19200,
480,7,,,,19200,,
480,8,,,,,19200,
480,9,,,9600,,,
481,1,,,,,,972
481,2,,9720,,,,
481,3,,,,19440,,
481,4,,,9720,,,
481,5,,9720,,,,
481,6,,,,,19440,
481,7,,,,19440,,
481,8,,,,,19440,
481,9,,,9720,,,
482,1,,,,,,984
482,2,,9840,,,,
482,3,,,,19680,,
482,4,,,9840,,,
482,5,,9840,,,,
482,6,,,,,19680,
482,7,,,,19680,,
482,8,,,,,19680,
482,9,,,9840,,,
483,1,,,,,,996
483,2,,9960,,,,
483,3,,,,19920,,
483,4,,,9960,,,
483,5,,9960,,,,
483,6,,,,,19920,
483,7,,,,19920,,
483,8,,,,,19920,
483,9,,,9960,,,
484,1,,,,,,1008
484,2,,10080,,,,
484,3,,,,20160,,
484,4,,,10080,,,
484,5,,10080,,,,
484,6,,,,,20160,
484,7,,,,20160,,
484,8,,,,,20160,
484,9,,,10080,,,
485,1,,,,,,1020
485,2,,10200,,,,
485,3,,,,20400,,
485,4,,,10200,,,
485,5,,10200,,,,
485,6,,,,,20400,
485,7,,,,20400,,
485,8,,,,,20400,
485,9,,,10200,,,
486,1,,,,,,1032
486,2,,10320,,,,
486,3,,,,20640,,
486,4,,,10320,,,
486,5,,10320,,,,
486,6,,,,,20640,
486,7,,,,20640,,
486,8,,,,,20640,
486,9,,,10320,,,
487,1,,,,,,1044
487,2,,10440,,,,
487,3,,,,20880,,
487,4,,,10440,,,
487,5,,10440,,,,
487,6,,,,,20880,
487,7,,,,20880,,
487,8,,,,,20880,
487,9,,,10440,,,
488,1,,,,,,1056
488,2,,10560,,,,
488,3,,,,21120,,
488,4,,,10560,,,
488,5,,10560,,,,
488,6,,,,,21120,
488,7,,,,21120,,
488,8,,,,,21120,
488,9,,,10560,,,
489,1,,,,,,1068
489,2,,10680,,,,
489,3,,,,21360,,
489,4,,,10680,,,
489,5,,10680,,,,
489,6,,,,,21360,
489,7,,,,21360,,
489,8,,,,,21360,
489,9,,,10680,,,
490,1,,,,,,1080
490,2,,10800,,,,
490,3,,,,21600,,
490,4,,,10800,,,
490,5,,10800,,,,
490,6,,,,,21600,
490,7,,,,21600,,
490,8,,,,,21600,
490,9,,,10800,,,
491,1,,,,,,1092
491,2,,10920,,,,
491,3,,,,21840,,
491,4,,,10920,,,
491,5,,10920,,,,
491,6,,,,,21840,
491,7,,,,21840,,
491,8,,,,,21840,
491,9,,,10920,,,
492,1,,,,,,1104
492,2,,11040,,,,
492,3,,,,22080,,
492,4,,,11040,,,
492,5,,11040,,,,
492,6,,,,,22080,
492,7,,,,22080,,
492,8,,,,,22080,
492,9,,,11040,,,
493,1,,,,,,1116
493,2,,11160,,,,
493,3,,,,22320,,
493,4,,,11160,,,
493,5,,11160,,,,
493,6,,,,,22320,
493,7,,,,22320,,
493,8,,,,,22320,
493,9,,,11160,,,
494,1,,,,,,1128
494,2,,11280,,,,
494,3,,,,22560,,
494,4,,,11280,,,
494,5,,11280,,,,
494,6,,,,,22560,
494,7,,,,22560,,
494,8,,,,,22560,
494,9,,,11280,,,
495,1,,,,,,1140
495,2,,11400,,,,
495,3,,,,22800,,
495,4,,,11400,,,
495,5,,11400,,,,
495,6,,,,,22800,
495,7,,,,22800,,
495,8,,,,,22800,
495,9,,,11400,,,
496,1,,,,,,1152
496,2,,11520,,,,
496,3,,,,23040,,
496,4,,,11520,,,
496,5,,11520,,,,
496,6,,,,,23040,
496,7,,,,23040,,
496,8,,,,,23040,
496,9,,,11520,,,
497,1,,,,,,1164
497,2,,11640,,,,
497,3,,,,23280,,
497,4,,,11640,,,
497,5,,11640,,,,
497,6,,,,,23280,
497,7,,,,23280,,
497,8,,,,,23280,
497,9,,,11640,,,
498,1,,,,,,1176
498,2,,11760,,,,
498,3,,,,23520,,
498,4,,,11760,,,
498,5,,11760,,,,
498,6,,,,,23520,
498,7,,,,23520,,
498,8,,,,,23520,
498,9,,,11760,,,
499,1,,,,,,1188
499,2,,11880,,,,
499,3,,,,23760,,
499,4,,,11880,,,
499,5,,11880,,,,
499,6,,,,,23760,
499,7,,,,23760,,
499,8,,,,,23760,
499,9,,,11880,,,
500,1,,,,,,1200
500,2,,12000,,,,
500,3,,,,24000,,
500,4,,,12000,,,
500,5,,12000,,,,
500,6,,,,,24000,
500,7,,,,24000,,
500,8,,,,,24000,
500,9,,,12000,,,
